x,y
4.0,8.949533
14.0,8.290299
5.0,9.152973
9.0,7.556669
15.0,8.688915
14.0,8.608763
4.0,9.324375
12.0,9.101539
0.0,7.025162
3.0,9.206366
4.0,8.948833
16.0,9.594694
4.0,8.688687
10.0,8.520534
0.0,6.873915
7.0,9.167181
15.0,8.763719
15.0,9.708226
4.0,8.740304
2.0,8.761702
9.0,8.709277
5.0,7.889416
5.0,9.279607
9.0,8.955078
11.0,10.02872
8.0,8.509798
14.0,9.094179
4.0,7.296691
2.0,8.448647
9.0,8.992799
12.0,9.250295
3.0,8.995666
7.0,7.418386
9.0,8.660272
10.0,9.259571
12.0,8.62264
3.0,9.474076
17.0,8.748972
14.0,9.238008
3.0,8.57009
8.0,8.275399
3.0,8.477476
5.0,8.677343
0.0,8.087692
9.0,8.848281
15.0,8.25084
9.0,8.248823
5.0,9.308433
0.0,8.492838
5.0,9.642495
10.0,10.31702
9.0,8.458272
9.0,7.516603
9.0,7.887609
11.0,9.156868
0.0,8.069653
5.0,7.652347
5.0,8.72194
5.0,8.647591
3.0,8.968076
9.0,8.901132
6.0,9.085778
1.0,8.886375
4.0,9.17376
7.0,9.232762
4.0,10.18888
12.0,9.014074
9.0,9.829272
3.0,8.6007
0.0,8.936855
2.0,8.153364
5.0,8.405193
9.0,9.348114
3.0,9.282641
14.0,9.05339
5.0,9.160144
9.0,8.978875
3.0,8.582406
12.0,8.796857
15.0,8.304027
10.0,8.53209
10.0,8.794589
4.0,8.165639
5.0,8.640409
10.0,8.71017
12.0,8.309609
3.0,8.797818
15.0,8.732809
5.0,9.005865
8.0,8.348345
6.0,8.607826
17.0,9.5186
8.0,8.484766
9.0,8.763402
12.0,8.568189
4.0,8.643567
9.0,9.451662
9.0,7.982664
2.0,8.364076
11.0,8.474285
10.0,8.827849
3.0,7.849092
4.0,9.195392
9.0,7.979844
0.0,8.811331
10.0,8.926331
9.0,8.891664
3.0,8.325613
13.0,9.102651
5.0,8.762053
9.0,9.102796
11.0,8.535499
5.0,7.789162
9.0,8.766074
4.0,8.732827
21.0,9.635816
10.0,8.910641
15.0,8.718307
5.0,8.759562
11.0,8.718115
5.0,9.158872
12.0,8.82757
4.0,9.508434
5.0,8.911485
3.0,8.696142
10.0,8.709487
13.0,9.396647
14.0,9.564532
3.0,8.469674
10.0,8.736437
5.0,8.484836
11.0,9.270278
5.0,9.38296
5.0,8.928102
2.0,8.8126
2.0,8.269192
10.0,7.73366
5.0,7.347606
9.0,9.10883
9.0,8.878327
0.0,8.346797
8.0,9.91772
8.0,8.459782
17.0,9.085861
15.0,9.149383
7.0,9.155544
15.0,9.228726
0.0,7.34907
0.0,8.647229
4.0,9.105298
3.0,8.856677
14.0,9.094179
0.0,8.198189
9.0,8.42581
17.0,8.688936
7.0,9.361902
3.0,8.420125
5.0,8.314456
9.0,9.511956
9.0,9.225759
9.0,8.728632
16.0,9.142081
0.0,8.689548
2.0,8.993423
5.0,8.742265
9.0,8.668271
5.0,8.142794
3.0,8.911528
12.0,7.998974
5.0,9.24009
9.0,9.206972
9.0,8.303131
15.0,8.682488
6.0,8.553196
14.0,9.252947
17.0,10.38793
5.0,8.83373
5.0,9.256032
1.0,8.828572
5.0,8.605953
4.0,8.586505
4.0,8.572402
10.0,7.718806
9.0,6.376028
4.0,9.484968
6.0,8.709835
9.0,8.577924
3.0,8.497792
4.0,8.893969
14.0,9.031008
14.0,8.556927
16.0,9.275632
5.0,8.782139
0.0,8.8036
0.0,7.937799
1.0,7.857999
9.0,8.278381
9.0,8.180268
0.0,8.811756
12.0,8.166947
13.0,8.566597
8.0,8.877467
10.0,8.859067
12.0,8.997945
15.0,8.904418
1.0,9.494698
9.0,9.263722
4.0,7.280355
10.0,8.437662
5.0,8.407295
9.0,9.136715
2.0,8.360483
5.0,9.577001
0.0,8.337561
9.0,8.617769
5.0,8.779063
8.0,7.80539
9.0,8.789518
9.0,8.655998
8.0,8.810586
5.0,7.347606
10.0,9.259395
6.0,9.010915
9.0,8.693072
10.0,8.228634
4.0,8.894181
0.0,8.407292
5.0,8.782139
12.0,9.254684
0.0,7.257834
0.0,7.820582
13.0,8.826052
4.0,7.755939
16.0,8.911131
9.0,9.573745
7.0,8.470265
9.0,8.343797
9.0,8.651728
2.0,7.838202
5.0,8.942734
0.0,8.308585
7.0,9.58674
15.0,8.356806
9.0,8.44291
8.0,8.102283
6.0,8.869876
0.0,9.011292
2.0,8.683054
5.0,8.734593
4.0,8.049042
2.0,8.728246
9.0,8.546327
11.0,8.932657
9.0,8.27589
6.0,7.415643
9.0,8.166582
13.0,9.819562
15.0,8.551311
2.0,8.182095
9.0,8.38194
5.0,8.461334
13.0,9.171491
2.0,8.728246
4.0,7.908309
5.0,8.706021
8.0,8.968654
8.0,8.525035
5.0,9.061085
9.0,8.650327
9.0,7.288785
3.0,7.33277
9.0,9.476794
15.0,8.523679
4.0,8.581413
9.0,8.964539
5.0,8.603697
13.0,8.154441
11.0,8.880475
5.0,9.237457
7.0,9.814427
10.0,8.584638
5.0,9.27677
6.0,8.769462
12.0,8.915886
4.0,8.584791
2.0,8.714319
4.0,8.631285
14.0,8.180567
10.0,9.103293
0.0,8.966056
10.0,8.742283
5.0,8.879543
12.0,9.410609
9.0,8.487705
12.0,8.888862
2.0,9.154839
6.0,8.941785
5.0,7.796041
14.0,8.867245
2.0,8.564985
3.0,9.356301
9.0,9.163429
10.0,8.616646
2.0,8.622178
4.0,8.165639
9.0,8.761175
15.0,9.512629
8.0,8.881042
9.0,9.288241
6.0,8.038754
3.0,8.48681
5.0,8.571748
12.0,8.839423
12.0,8.722099
7.0,8.023562
13.0,9.396647
4.0,8.55426
14.0,8.501446
4.0,8.115522
0.0,9.279414
2.0,8.909563
0.0,8.891272
4.0,8.560612
0.0,8.346796
0.0,8.21366
4.0,7.873484
7.0,8.681678
2.0,8.511398
12.0,8.277753
9.0,8.456893
12.0,9.067422
0.0,9.078246
4.0,8.850029
13.0,8.367519
5.0,9.287564
5.0,8.567686
6.0,8.170676
5.0,9.183158
5.0,9.273033
5.0,8.701734
9.0,8.789637
14.0,8.154649
5.0,8.779063
15.0,8.75167
7.0,7.931298
3.0,8.036551
9.0,8.67992
3.0,8.457605
4.0,8.317857
9.0,9.599632
0.0,8.08472
10.0,8.046427
5.0,8.889868
6.0,8.452216
13.0,8.926248
0.0,8.633348
5.0,9.064186
12.0,8.43394
5.0,8.729483
3.0,8.44735
9.0,9.073996
0.0,7.997599
9.0,9.101695
9.0,8.536757
0.0,9.185303
9.0,8.961356
5.0,9.064186
2.0,9.401646
9.0,8.710384
9.0,7.982664
9.0,8.330951
8.0,8.642224
9.0,8.907808
9.0,8.341347
5.0,8.079682
11.0,8.745185
12.0,8.278945
4.0,8.06748
16.0,9.218749
4.0,7.982457
3.0,8.503181
15.0,9.53746
0.0,8.940217
17.0,9.018538
5.0,8.915448
11.0,9.156868
9.0,8.233462
10.0,8.816572
10.0,7.713206
3.0,8.57009
4.0,9.255337
2.0,7.580156
10.0,8.074992
9.0,8.992799
2.0,9.184629
5.0,8.453475
4.0,8.71352
10.0,8.593424
2.0,8.778749
11.0,9.330988
13.0,8.826052
16.0,8.80141
10.0,9.404359
0.0,7.613258
3.0,6.989281
4.0,8.837768
9.0,9.762164
15.0,8.975919
12.0,8.722099
5.0,9.944259
5.0,7.199018
9.0,8.910054
9.0,8.462972
15.0,8.36793
14.0,8.787202
8.0,8.576026
9.0,8.880374
13.0,8.934547
3.0,8.597152
7.0,8.311233
12.0,8.875734
9.0,9.312064
3.0,8.83058
14.0,9.237051
12.0,8.766203
5.0,8.079682
9.0,9.088806
13.0,8.666125
9.0,8.975258
15.0,8.770773
7.0,8.874214
15.0,8.297495
5.0,9.893044
15.0,8.772498
13.0,9.870637
5.0,8.709497
0.0,8.635091
5.0,8.899907
9.0,9.023141
12.0,9.063639
12.0,8.960387
2.0,8.449162
9.0,9.016932
6.0,8.730531
0.0,8.274182
9.0,8.558399
10.0,8.562663
9.0,8.546327
9.0,8.743286
12.0,7.998974
7.0,9.287854
18.0,7.897984
4.0,7.549919
16.0,8.771979
17.0,8.782479
0.0,8.454318
0.0,8.701474
9.0,8.572262
2.0,8.563431
11.0,8.934129
9.0,8.530367
2.0,9.053156
11.0,8.55984
9.0,8.945621
14.0,9.061514
9.0,7.823356
9.0,8.639775
0.0,8.710719
8.0,9.373436
12.0,9.014789
4.0,8.849545
6.0,8.820829
4.0,8.55426
5.0,8.603697
8.0,8.395649
12.0,9.56555
6.0,8.978435
6.0,7.415643
12.0,8.37279
3.0,9.05924
4.0,9.484968
9.0,8.534553
9.0,8.146674
9.0,9.211336
12.0,9.319731
6.0,8.576468
6.0,8.789039
11.0,8.108873
5.0,8.785696
5.0,9.429918
21.0,9.635816
6.0,8.626782
7.0,8.773601
0.0,8.64633
14.0,8.512059
6.0,8.768619
2.0,8.865205
11.0,8.862041
15.0,10.26082
3.0,8.859969
14.0,9.776335
3.0,8.058293
4.0,9.789955
2.0,8.748614
15.0,8.283385
10.0,9.029819
5.0,8.951913
0.0,8.173089
16.0,9.325934
3.0,8.926053
3.0,7.428144
2.0,9.058315
15.0,10.00613
15.0,7.47966
9.0,8.056808
12.0,8.900812
9.0,8.590945
12.0,8.821409
3.0,9.635799
7.0,9.027911
3.0,9.391175
9.0,8.843616
4.0,7.982457
15.0,8.611938
9.0,8.643057
13.0,8.566597
10.0,9.147308
5.0,8.34174
3.0,8.549461
1.0,7.712967
13.0,8.83573
12.0,8.223878
9.0,7.958917
5.0,9.584112
3.0,8.763414
9.0,8.252194
4.0,8.91083
3.0,8.611539
10.0,8.341976
4.0,8.681559
5.0,8.486541
11.0,9.080571
0.0,8.146118
16.0,8.816416
10.0,8.510872
7.0,8.524304
5.0,8.421538
5.0,9.212708
5.0,8.618663
12.0,8.37279
4.0,7.515775
9.0,8.158225
9.0,8.493989
4.0,9.03085
12.0,9.170414
0.0,7.887875
0.0,8.811756
9.0,9.299099
5.0,8.831328
12.0,10.00189
12.0,8.888462
7.0,9.28562
8.0,9.678279
2.0,8.801645
3.0,7.746594
5.0,8.76026
3.0,8.325613
15.0,8.459867
5.0,8.637299
12.0,8.470616
12.0,9.094468
0.0,8.935328
2.0,8.231245
8.0,10.14808
9.0,9.073996
17.0,8.858353
9.0,8.335793
5.0,8.698046
12.0,8.639446
10.0,8.46658
0.0,7.398612
5.0,9.529779
6.0,8.170676
18.0,8.622478
12.0,8.095751
7.0,8.316588
9.0,9.217772
9.0,7.998308
11.0,9.037242
3.0,8.661389
3.0,9.278607
2.0,7.148855
12.0,8.932019
4.0,7.66506
9.0,8.609673
4.0,9.07526
15.0,8.446476
0.0,8.14971
14.0,8.651933
9.0,8.371622
9.0,8.35889
5.0,9.552239
10.0,8.60309
9.0,8.394127
13.0,8.447398
5.0,8.946661
17.0,9.072157
8.0,8.968654
0.0,8.343451
12.0,9.263434
7.0,10.09373
1.0,9.009138
12.0,8.391435
12.0,8.47317
8.0,8.823281
12.0,9.21262
12.0,8.456756
0.0,7.972635
0.0,8.933871
1.0,8.860103
9.0,8.412651
7.0,8.631927
7.0,8.427761
7.0,8.715957
9.0,8.306762
5.0,8.210342
5.0,9.348765
5.0,8.283457
15.0,8.998233
8.0,9.804462
2.0,7.927421
0.0,8.714076
11.0,8.259355
8.0,9.001881
3.0,9.389997
13.0,9.223671
6.0,8.751528
6.0,8.427542
15.0,8.846334
0.0,8.898462
5.0,8.815301
0.0,8.712436
0.0,9.311743
5.0,8.780836
13.0,8.601705
9.0,8.660272
9.0,8.299404
0.0,8.069456
0.0,8.56103
9.0,8.910051
4.0,9.255337
17.0,9.037845
8.0,8.623317
3.0,9.545649
14.0,8.940553
10.0,9.147308
3.0,8.25608
9.0,8.655568
7.0,9.287854
8.0,8.359123
5.0,8.338343
9.0,9.157205
8.0,8.275399
15.0,8.894022
0.0,9.568767
7.0,8.71339
4.0,8.624033
5.0,9.509275
6.0,8.456374
3.0,8.479169
6.0,8.745226
7.0,8.333329
14.0,8.940553
13.0,8.600697
10.0,8.349706
0.0,8.20648
9.0,8.508401
12.0,9.241481
13.0,8.596251
16.0,8.763792
2.0,9.180521
3.0,8.545531
10.0,8.706854
5.0,8.8826
10.0,8.783051
11.0,8.528819
3.0,8.10223
10.0,8.510872
8.0,9.119544
6.0,8.312563
0.0,8.974699
12.0,7.952194
9.0,8.37708
7.0,8.231349
9.0,8.810292
12.0,9.632895
15.0,8.713045
2.0,8.920417
17.0,8.748972
14.0,9.068069
0.0,7.342525
3.0,8.755568
8.0,8.123526
8.0,8.803705
5.0,8.614996
7.0,8.942094
11.0,8.565743
10.0,8.494339
13.0,9.847346
4.0,8.930714
9.0,7.641828
9.0,8.589777
0.0,8.429005
6.0,8.394765
5.0,9.152973
9.0,8.242325
8.0,8.519477
15.0,8.233984
3.0,9.594573
12.0,9.485238
5.0,8.405193
6.0,8.607826
10.0,9.300492
2.0,8.198782
0.0,8.474596
11.0,8.926548
6.0,9.102395
5.0,9.262619
5.0,8.638031
15.0,9.248031
0.0,8.820774
9.0,8.421751
9.0,9.202645
6.0,8.971652
4.0,8.324332
5.0,8.942578
12.0,8.744959
3.0,9.0977
5.0,8.901641
10.0,9.277999
15.0,8.25084
5.0,7.74438
12.0,8.790102
5.0,8.892312
4.0,8.918514
7.0,9.645213
12.0,9.732168
5.0,9.404546
9.0,10.04655
15.0,9.007436
3.0,9.561305
6.0,8.899238
5.0,8.988596
10.0,8.319983
7.0,8.337623
9.0,8.092773
1.0,8.001571
9.0,8.038792
6.0,8.786645
0.0,8.190104
9.0,8.742122
0.0,6.852893
10.0,9.250305
3.0,8.38319
5.0,8.882696
4.0,8.894181
9.0,9.00878
2.0,8.230393
4.0,8.686706
5.0,8.924656
6.0,9.202149
0.0,8.940136
8.0,8.420497
6.0,8.942206
3.0,8.294996
15.0,8.931787
9.0,8.467516
5.0,8.391821
9.0,8.589777
9.0,8.34679
0.0,6.524617
7.0,9.159272
3.0,8.790255
9.0,8.018676
5.0,8.988596
5.0,8.567686
3.0,8.616655
5.0,9.429918
9.0,9.754695
9.0,9.902415
6.0,9.908034
5.0,7.908981
17.0,9.274341
5.0,9.027965
0.0,7.745088
10.0,8.910641
5.0,8.803858
3.0,8.58966
0.0,8.476332
2.0,9.271619
5.0,8.672671
6.0,9.701436
9.0,8.738839
11.0,8.680593
3.0,8.606833
9.0,8.630648
5.0,8.393968
3.0,8.457605
10.0,8.355468
8.0,8.92957
6.0,8.971331
9.0,8.194216
17.0,9.490823
12.0,7.849592
12.0,8.495827
4.0,8.939551
5.0,8.341995
5.0,9.23576
3.0,8.036551
14.0,8.712768
3.0,8.801168
6.0,7.911547
2.0,8.222075
0.0,7.340741
5.0,9.061237
9.0,8.528856
3.0,8.564845
4.0,8.586505
4.0,8.634175
10.0,9.525221
9.0,7.919567
10.0,8.647164
5.0,9.446003
2.0,8.486518
5.0,8.632588
9.0,8.749896
7.0,8.464313
6.0,8.148054
10.0,7.793294
2.0,8.683054
0.0,8.328553
11.0,8.535499
10.0,8.797595
3.0,7.716735
8.0,7.690542
4.0,8.425876
10.0,8.736933
5.0,8.470914
9.0,9.37353
3.0,9.0977
5.0,7.972579
0.0,8.135188
4.0,9.384266
6.0,8.75089
7.0,8.077516
4.0,7.482879
2.0,8.078476
3.0,8.463333
5.0,7.745935
6.0,8.645925
15.0,8.764306
17.0,9.028038
9.0,8.428166
13.0,8.321737
3.0,9.03747
5.0,8.142794
9.0,9.159208
4.0,9.026442
2.0,9.464858
7.0,8.000574
3.0,9.116376
12.0,8.740343
12.0,8.612347
9.0,8.483525
16.0,9.257623
14.0,9.05339
2.0,8.000172
9.0,8.548301
9.0,8.278381
6.0,9.023865
5.0,9.000365
3.0,9.880033
17.0,10.29903
5.0,9.237457
10.0,8.816445
5.0,9.649921
14.0,9.749065
12.0,8.472184
9.0,8.789637
5.0,9.016589
10.0,8.121332
0.0,9.072644
5.0,9.526069
9.0,8.653509
9.0,8.341438
7.0,8.806972
4.0,8.398766
11.0,9.17488
5.0,8.242452
5.0,8.673809
9.0,8.434504
9.0,8.172438
3.0,8.32602
3.0,8.99889
8.0,8.968654
10.0,8.444504
8.0,8.904403
0.0,8.553944
5.0,8.01907
9.0,8.70876
9.0,8.462583
9.0,8.99108
12.0,9.102595
14.0,9.948148
17.0,10.29903
13.0,8.353366
0.0,8.473301
9.0,8.826487
9.0,8.598751
8.0,8.33848
3.0,7.686218
5.0,8.487886
14.0,8.453182
9.0,8.711724
9.0,7.255728
4.0,8.800244
6.0,8.842116
11.0,7.950725
11.0,8.606988
16.0,9.199276
0.0,8.746869
9.0,9.399314
3.0,8.218921
4.0,8.470579
5.0,9.159548
13.0,8.732538
4.0,8.323694
6.0,8.971652
9.0,8.692681
0.0,10.10478
5.0,8.667519
0.0,8.610713
7.0,7.522378
5.0,8.988596
4.0,8.986489
12.0,8.933504
17.0,9.026239
4.0,8.930714
6.0,8.105318
10.0,8.880284
11.0,8.475389
11.0,8.321145
5.0,9.831466
5.0,7.739434
1.0,8.515904
5.0,9.019844
4.0,8.586505
5.0,9.584112
2.0,7.790687
10.0,9.259395
9.0,8.779949
4.0,8.82215
2.0,8.881354
3.0,8.918268
3.0,8.851063
7.0,8.716187
3.0,8.601583
3.0,8.403107
20.0,9.68515
5.0,8.373255
12.0,9.035596
12.0,8.350234
9.0,7.905526
5.0,8.866863
5.0,8.785385
2.0,8.1276
8.0,8.964041
1.0,8.979198
5.0,9.033549
9.0,8.535141
7.0,8.495119
4.0,9.052478
12.0,9.327989
11.0,8.880475
0.0,7.606143
3.0,8.418406
10.0,8.655812
3.0,8.726718
11.0,9.489605
8.0,8.131252
4.0,8.621385
10.0,7.826437
9.0,7.722142
6.0,8.029967
9.0,8.500707
5.0,9.03402
9.0,8.556426
3.0,7.746594
0.0,8.804294
0.0,7.910285
5.0,7.656524
5.0,8.388766
9.0,8.830991
9.0,8.4113
11.0,8.926548
0.0,7.720537
0.0,8.432259
0.0,7.920046
12.0,8.564954
7.0,8.860281
1.0,7.294113
9.0,8.572964
12.0,8.532152
9.0,8.450959
9.0,8.335305
5.0,8.706021
3.0,9.01948
9.0,8.989552
2.0,9.367892
4.0,8.800362
9.0,8.302485
3.0,8.605104
4.0,8.817912
7.0,8.464313
7.0,8.806972
6.0,8.620521
12.0,8.664436
9.0,8.488151
5.0,9.650062
15.0,10.23994
3.0,8.775618
15.0,8.68779
3.0,7.610435
12.0,8.827868
12.0,8.285503
0.0,8.645041
9.0,8.74453
9.0,8.833726
17.0,8.618358
5.0,7.934422
9.0,9.831897
11.0,8.087065
9.0,8.579292
5.0,9.094283
1.0,7.864595
6.0,8.942206
10.0,8.053461
9.0,8.232783
0.0,8.555551
9.0,9.140436
5.0,8.146594
14.0,8.953413
0.0,7.46755
0.0,8.274182
9.0,10.07154
9.0,9.019752
6.0,8.909343
9.0,8.94999
5.0,9.124609
2.0,8.677545
2.0,8.583037
9.0,8.510181
9.0,8.580134
5.0,8.128982
10.0,8.85922
9.0,8.11684
1.0,8.050687
14.0,9.112545
4.0,8.540547
7.0,8.262969
1.0,8.831943
7.0,8.806917
0.0,8.497138
6.0,8.200308
0.0,8.318505
9.0,8.01317
5.0,8.782876
4.0,8.696304
4.0,8.421638
5.0,8.729483
0.0,8.429005
5.0,7.934422
14.0,8.211251
6.0,8.245127
5.0,8.601693
4.0,8.06748
9.0,8.859172
2.0,8.41029
9.0,9.163429
15.0,8.938699
10.0,9.167144
10.0,8.376857
10.0,7.952826
5.0,8.812398
11.0,8.24027
5.0,9.552239
10.0,8.839492
13.0,8.398681
12.0,8.568189
5.0,8.375621
9.0,7.807015
7.0,9.381521
6.0,7.965958
9.0,8.946168
0.0,8.801187
9.0,8.381414
5.0,8.867599
9.0,8.34742
7.0,9.645213
8.0,8.865262
10.0,8.742283
0.0,8.191147
11.0,8.525544
12.0,8.533141
3.0,8.249453
4.0,8.82215
0.0,7.899085
1.0,9.009138
3.0,8.897142
4.0,8.70872
5.0,8.918998
9.0,9.038297
4.0,8.60662
3.0,8.672756
5.0,7.757344
10.0,8.828743
8.0,9.006262
5.0,8.879543
9.0,7.46266
5.0,9.239678
7.0,8.925414
4.0,8.611925
12.0,9.413337
5.0,8.729538
5.0,8.407295
2.0,7.695163
13.0,9.148687
8.0,8.393314
0.0,8.849096
11.0,8.54278
5.0,8.803858
13.0,9.00953
0.0,8.08812
10.0,8.677856
2.0,8.755756
6.0,8.169888
4.0,8.630048
9.0,8.832191
0.0,8.410042
12.0,9.08733
5.0,10.25176
5.0,9.577001
2.0,8.9268
1.0,8.668957
6.0,9.560522
3.0,7.338429
8.0,9.678279
17.0,9.072157
5.0,8.614996
4.0,9.295754
3.0,9.293826
9.0,8.984789
5.0,8.591523
15.0,8.814205
3.0,7.861718
9.0,8.483525
14.0,8.795063
10.0,8.645275
0.0,8.107349
15.0,8.527771
3.0,7.520783
12.0,8.512796
1.0,7.869368
0.0,8.647229
0.0,8.246907
9.0,8.693072
2.0,7.910829
7.0,9.197
10.0,8.434664
8.0,8.88923
4.0,9.652542
14.0,9.749065
4.0,8.269691
3.0,8.218921
9.0,9.202715
3.0,8.597327
5.0,7.347606
4.0,9.346758
2.0,9.289558
9.0,8.536757
13.0,8.706306
13.0,7.614583
15.0,8.259149
9.0,8.763861
3.0,7.215096
5.0,8.404507
4.0,8.948833
6.0,8.84916
10.0,8.797595
0.0,8.336661
5.0,8.879543
9.0,8.428166
5.0,9.267027
2.0,8.078476
3.0,7.812062
9.0,8.594532
3.0,8.167191
2.0,8.952361
7.0,9.4191
4.0,8.132447
5.0,8.866863
2.0,8.683054
12.0,8.470616
4.0,9.07526
3.0,8.656232
0.0,7.653015
9.0,8.563337
5.0,8.821501
12.0,8.047843
5.0,8.819027
0.0,9.020492
9.0,9.114501
14.0,9.111094
5.0,8.554888
9.0,9.11433
0.0,8.504379
9.0,8.364028
13.0,9.113959
9.0,9.829272
5.0,7.739434
6.0,8.826324
12.0,9.442729
18.0,8.671316
14.0,9.973893
15.0,8.763719
11.0,8.709702
0.0,8.772003
5.0,8.3805
3.0,8.328157
13.0,8.677646
0.0,8.314535
17.0,9.04119
2.0,8.748614
6.0,8.794361
5.0,8.188662
9.0,8.428166
14.0,8.194098
11.0,8.783325
8.0,7.445359
0.0,7.886825
1.0,9.009138
15.0,8.975295
5.0,8.067928
5.0,8.742101
12.0,8.614264
4.0,8.831231
15.0,8.304027
13.0,8.451476
4.0,8.709346
2.0,7.392664
12.0,9.204985
5.0,8.81419
6.0,9.138092
9.0,8.563337
9.0,8.67992
2.0,8.402528
9.0,8.788641
9.0,9.019752
12.0,7.941181
14.0,8.055114
8.0,8.593197
10.0,8.449577
5.0,9.092626
13.0,7.956005
8.0,8.578951
9.0,9.134988
9.0,8.774333
0.0,8.611893
3.0,9.838752
9.0,8.236588
2.0,8.656549
14.0,8.501446
8.0,8.714439
3.0,8.859969
16.0,8.817742
9.0,8.721162
0.0,8.502407
0.0,8.122874
5.0,8.932442
9.0,9.286311
5.0,9.098744
7.0,9.343807
13.0,8.357066
0.0,9.072644
7.0,9.285731
13.0,8.934547
3.0,8.896393
13.0,8.308059
2.0,8.869663
5.0,8.532139
7.0,9.538022
9.0,8.887513
7.0,9.936442
3.0,8.461121
9.0,8.923
10.0,8.917319
3.0,8.451232
9.0,8.437059
7.0,8.178761
15.0,8.752265
9.0,8.591526
7.0,8.084311
9.0,8.775642
9.0,8.686562
4.0,9.103692
5.0,8.502303
20.0,9.906225
9.0,8.764168
2.0,8.972297
3.0,8.58966
9.0,9.286311
10.0,8.827849
9.0,8.757393
4.0,8.065807
15.0,8.9155
13.0,8.154441
5.0,8.079682
4.0,9.0293
3.0,8.632918
0.0,8.775849
12.0,9.503819
8.0,8.95761
3.0,8.662045
19.0,8.790762
9.0,8.276014
2.0,8.860629
5.0,7.66923
10.0,8.35642
5.0,8.834098
5.0,8.062685
0.0,8.898462
4.0,8.584791
9.0,8.615419
6.0,8.069552
0.0,7.804534
9.0,8.140457
5.0,9.371385
6.0,8.607826
9.0,8.663489
4.0,8.849545
5.0,8.342436
9.0,8.493989
9.0,9.025782
0.0,9.446772
10.0,9.081986
12.0,10.26267
9.0,8.567944
1.0,8.722956
12.0,8.79944
5.0,9.201023
9.0,9.04659
15.0,9.265811
0.0,8.742847
13.0,8.750149
9.0,8.087237
11.0,8.658659
11.0,8.67638
9.0,9.588911
6.0,9.130001
12.0,8.667603
3.0,8.650435
0.0,8.605858
12.0,8.790102
3.0,8.323763
9.0,9.248256
12.0,8.740343
3.0,7.443664
10.0,8.517062
13.0,8.644938
6.0,9.024224
6.0,8.055164
0.0,8.811331
0.0,8.669296
9.0,8.335793
9.0,8.915991
5.0,9.092626
7.0,8.719578
8.0,9.119544
0.0,8.492838
5.0,9.194436
10.0,7.73366
13.0,8.383872
2.0,8.358041
6.0,8.56193
14.0,9.335751
11.0,8.870509
5.0,8.604186
10.0,9.273722
3.0,8.403991
9.0,8.44291
11.0,9.489605
14.0,7.261606
8.0,8.275399
7.0,9.376451
9.0,8.678823
3.0,8.218921
3.0,8.244929
3.0,9.594573
12.0,8.875734
10.0,7.966103
0.0,8.975571
10.0,8.816572
9.0,8.761828
14.0,9.706032
5.0,8.069627
8.0,8.10902
4.0,8.66255
4.0,9.346758
2.0,8.471354
2.0,8.824405
5.0,8.870894
3.0,9.589028
5.0,8.445154
9.0,7.896564
6.0,8.169888
9.0,8.525098
7.0,8.438286
10.0,9.140367
3.0,8.103417
9.0,8.250499
4.0,8.579317
5.0,8.556836
10.0,8.859067
5.0,8.35318
3.0,8.551202
15.0,8.459867
5.0,8.911016
6.0,8.862382
4.0,9.202207
6.0,8.069552
9.0,8.230733
12.0,8.763369
17.0,9.2936
0.0,8.562032
7.0,7.787379
9.0,8.727195
15.0,8.959497
9.0,8.018676
3.0,8.838063
2.0,8.563431
14.0,8.763718
17.0,9.207522
15.0,9.468715
0.0,8.46615
0.0,6.807285
3.0,7.610435
5.0,9.373254
9.0,8.879929
6.0,8.426147
2.0,8.70741
3.0,8.748877
10.0,9.445851
10.0,8.343715
5.0,8.532291
5.0,9.114202
12.0,8.125708
15.0,8.25084
9.0,8.149872
5.0,8.98923
12.0,8.496731
9.0,9.166667
4.0,9.29469
12.0,9.164909
3.0,9.05924
6.0,9.138092
9.0,8.444917
10.0,8.614117
8.0,8.752542
6.0,8.92236
5.0,8.826588
0.0,7.770589
3.0,8.208359
10.0,9.112725
12.0,8.080159
3.0,8.087606
3.0,8.790636
10.0,8.046427
7.0,9.414228
3.0,7.847914
19.0,7.983985
9.0,8.745334
3.0,8.740588
9.0,9.703322
5.0,8.558557
14.0,8.491002
12.0,9.687456
6.0,9.85153
2.0,8.191976
7.0,9.456935
3.0,8.702163
5.0,7.804067
7.0,9.467733
12.0,8.913159
10.0,8.657459
15.0,9.334834
1.0,9.059614
9.0,9.198977
3.0,8.662151
15.0,8.904418
0.0,8.975571
4.0,9.608004
9.0,10.04655
5.0,8.636887
0.0,8.09689
11.0,9.489605
4.0,7.296691
11.0,8.819106
12.0,8.827868
9.0,8.34543
11.0,9.363952
9.0,8.166582
0.0,8.212363
5.0,8.766085
9.0,8.837296
2.0,8.872858
6.0,8.978435
3.0,9.230532
9.0,9.11433
5.0,8.605196
11.0,8.48721
0.0,8.553037
0.0,8.533504
6.0,8.781475
11.0,8.55984
14.0,9.335751
5.0,8.544002
9.0,9.034533
12.0,8.729783
5.0,8.387004
0.0,9.066533
5.0,9.000365
11.0,8.783325
7.0,9.350851
2.0,8.557508
9.0,8.745334
10.0,9.199887
3.0,8.1532
8.0,9.673536
2.0,8.17808
13.0,9.847346
3.0,8.846708
4.0,9.041327
0.0,7.966917
0.0,8.343451
9.0,8.265303
15.0,8.597013
4.0,8.556683
3.0,8.48681
10.0,8.823458
15.0,8.873656
4.0,8.431267
4.0,8.49388
15.0,9.168314
9.0,8.871627
12.0,8.244531
9.0,8.65142
0.0,8.069456
5.0,8.482128
6.0,8.258935
8.0,9.70902
3.0,8.325613
12.0,8.933504
9.0,8.243655
15.0,9.188758
15.0,8.89786
5.0,9.018484
4.0,8.470579
10.0,8.972494
9.0,9.097747
9.0,8.233462
11.0,8.8251
9.0,8.502205
2.0,8.557508
11.0,8.761565
2.0,8.622178
8.0,10.43491
10.0,8.81824
3.0,9.158688
12.0,8.285255
3.0,8.38247
5.0,8.622111
0.0,7.45784
5.0,8.085495
9.0,7.854852
7.0,9.232762
6.0,8.7245
16.0,8.392953
13.0,9.347358
12.0,8.376682
15.0,10.23994
7.0,8.544654
13.0,9.396647
13.0,8.659472
15.0,8.371926
10.0,8.65292
5.0,8.620893
3.0,8.632918
10.0,8.76032
3.0,9.020135
15.0,9.462274
9.0,8.697455
9.0,8.462972
3.0,8.401574
9.0,8.643081
6.0,7.911547
13.0,8.339138
4.0,8.697164
3.0,8.797818
8.0,8.318214
3.0,8.861588
0.0,8.975571
0.0,9.096053
5.0,8.128982
12.0,9.442729
9.0,9.512152
6.0,8.75089
2.0,7.34645
9.0,8.257709
10.0,9.140367
4.0,8.433876
9.0,9.04659
9.0,8.709646
11.0,8.55984
3.0,8.427687
9.0,8.613212
0.0,7.953948
0.0,8.013111
12.0,7.726029
10.0,9.445851
17.0,8.591033
5.0,8.023426
16.0,9.339031
10.0,9.206866
5.0,8.466194
9.0,8.089311
14.0,9.973893
0.0,8.232806
2.0,8.390067
0.0,8.472979
15.0,8.527771
0.0,9.129211
10.0,8.614117
8.0,9.236879
9.0,8.481481
7.0,8.527784
4.0,8.637758
12.0,8.497655
15.0,7.528332
2.0,8.37009
12.0,8.080159
2.0,7.959922
5.0,8.581977
5.0,8.557821
9.0,8.048374
15.0,8.752265
9.0,9.028633
9.0,8.479325
2.0,8.726043
0.0,8.62254
0.0,7.987696
13.0,8.41841
11.0,9.08089
10.0,9.112725
13.0,8.2155
6.0,9.023523
6.0,8.909343
2.0,9.424131
9.0,8.528275
0.0,8.263912
7.0,9.289036
4.0,8.130965
1.0,8.295463
12.0,9.023587
13.0,8.948298
2.0,9.053156
6.0,9.102395
3.0,8.656232
5.0,7.892761
10.0,8.773445
7.0,8.59644
3.0,8.294853
16.0,9.365067
10.0,8.564307
9.0,8.753909
5.0,7.986613
0.0,8.212363
3.0,8.346847
3.0,8.783489
12.0,9.204985
3.0,8.310822
5.0,9.642495
9.0,8.443857
9.0,8.243631
6.0,8.508124
5.0,9.650062
8.0,8.998816
2.0,8.810603
9.0,8.182659
9.0,8.580134
2.0,8.662811
0.0,8.185738
1.0,8.193566
4.0,8.558669
5.0,8.8826
3.0,8.80353
6.0,8.926403
12.0,8.711612
8.0,7.849051
3.0,7.880509
14.0,8.425852
9.0,8.58989
12.0,8.503441
3.0,8.633429
17.0,8.878949
5.0,9.264503
5.0,9.087005
9.0,8.876375
5.0,7.673829
9.0,8.61871
0.0,8.796335
9.0,9.22371
6.0,8.682254
3.0,8.300054
5.0,8.17062
12.0,8.236783
15.0,9.11313
0.0,8.663201
10.0,8.742283
0.0,7.72369
2.0,8.8126
5.0,9.287564
0.0,7.892851
10.0,8.756269
9.0,9.10373
4.0,8.555608
15.0,8.449453
13.0,9.113959
4.0,8.401787
2.0,8.067076
5.0,9.228601
0.0,7.705104
15.0,8.537697
20.0,9.906225
2.0,7.765422
7.0,8.204757
10.0,8.48965
14.0,9.142818
14.0,8.858532
6.0,8.242888
4.0,9.132574
0.0,9.272757
11.0,8.661309
11.0,9.126224
3.0,8.704708
10.0,8.449577
8.0,7.948581
7.0,8.309216
4.0,9.009758
12.0,7.998974
2.0,8.323312
7.0,9.159272
8.0,8.149928
11.0,8.680593
5.0,8.270845
6.0,8.645925
13.0,9.847346
12.0,9.101712
8.0,8.324183
14.0,9.073959
0.0,6.524617
15.0,8.682488
0.0,7.704405
12.0,9.30007
0.0,8.488373
3.0,8.582406
0.0,8.47279
11.0,8.848801
12.0,9.154061
12.0,8.463786
10.0,7.718806
4.0,8.986489
0.0,8.387379
7.0,9.299199
8.0,8.226979
15.0,7.948015
0.0,7.969058
5.0,8.579754
0.0,7.342525
4.0,9.664073
14.0,9.004832
7.0,9.285166
5.0,8.562988
9.0,8.070868
13.0,7.653388
3.0,9.158688
0.0,7.72369
0.0,8.146118
11.0,9.053533
14.0,8.428865
17.0,9.581045
4.0,8.491562
17.0,9.184362
14.0,9.004832
5.0,8.672126
9.0,8.848281
7.0,9.158222
5.0,9.893044
5.0,8.81419
2.0,8.911121
11.0,8.182727
4.0,8.928823
6.0,8.611358
3.0,8.927034
9.0,8.467079
12.0,9.33534
5.0,9.020269
6.0,9.658504
4.0,9.384266
6.0,9.062916
5.0,8.078754
9.0,8.901132
9.0,8.582692
0.0,8.491096
3.0,8.596991
17.0,8.748972
10.0,8.614821
4.0,9.047263
3.0,8.632918
4.0,9.026442
12.0,8.61274
12.0,8.376897
5.0,7.954101
9.0,8.65142
9.0,8.430079
5.0,8.554888
2.0,8.449162
5.0,8.622111
12.0,8.674342
10.0,8.557013
12.0,8.788314
12.0,8.644958
5.0,9.022496
12.0,8.160767
0.0,7.517691
9.0,8.215306
10.0,10.33464
6.0,8.739803
9.0,8.211041
8.0,9.096601
3.0,8.704708
0.0,7.398612
10.0,8.685584
6.0,9.199458
12.0,8.285255
9.0,9.173654
7.0,8.692439
8.0,9.096601
15.0,9.11313
3.0,8.342264
5.0,8.40999
6.0,8.357366
9.0,8.207318
9.0,8.923781
5.0,8.35318
9.0,8.565272
9.0,8.305352
11.0,8.383762
5.0,8.105341
0.0,8.956395
10.0,8.247659
7.0,8.427761
5.0,9.279607
5.0,8.709497
5.0,8.532291
9.0,8.278381
9.0,8.590337
5.0,8.146594
7.0,8.769166
13.0,9.372034
9.0,9.073996
0.0,8.348087
4.0,8.778891
8.0,9.0983
6.0,8.083344
8.0,9.165364
11.0,8.542642
15.0,8.720724
1.0,8.899216
9.0,8.242325
7.0,9.070506
9.0,8.01317
6.0,7.676403
4.0,7.515775
8.0,8.491776
2.0,8.583037
4.0,8.626555
12.0,9.254251
12.0,10.3543
3.0,8.903764
9.0,8.167133
6.0,8.539318
11.0,8.980913
8.0,8.407743
5.0,9.439098
4.0,8.371197
0.0,7.646873
0.0,8.432259
12.0,9.881306
4.0,7.760561
11.0,9.270278
7.0,8.085983
4.0,9.652542
6.0,9.73972
12.0,8.81039
0.0,8.191147
8.0,8.375237
5.0,8.950776
2.0,9.036197
9.0,8.599378
15.0,9.648688
7.0,8.991685
12.0,8.409472
6.0,9.119485
16.0,9.552118
9.0,9.017097
4.0,9.03266
9.0,8.55803
8.0,8.908639
9.0,8.849449
1.0,8.722127
3.0,8.826463
5.0,8.17347
14.0,9.031008
4.0,9.124332
8.0,7.690542
9.0,8.137032
11.0,8.294907
0.0,7.681767
9.0,7.905526
10.0,8.849153
4.0,8.254416
17.0,8.941635
9.0,8.434504
6.0,8.869876
9.0,8.371622
0.0,7.706593
2.0,8.89525
12.0,8.851896
0.0,7.987696
15.0,9.442859
5.0,8.999393
9.0,8.655998
8.0,9.042884
2.0,8.077634
7.0,9.48248
4.0,8.700883
13.0,8.658974
14.0,9.011553
9.0,8.466767
0.0,8.336661
5.0,7.986613
5.0,8.991444
9.0,8.168611
6.0,9.119485
6.0,8.629346
0.0,9.240228
12.0,8.924138
12.0,8.72321
9.0,9.10883
4.0,7.663225
3.0,8.672756
9.0,8.460293
0.0,8.532513
6.0,9.074581
3.0,9.247624
16.0,8.256458
10.0,8.600749
3.0,8.552123
12.0,8.476821
4.0,9.131483
5.0,7.571132
2.0,8.477252
9.0,8.80438
16.0,8.785007
9.0,8.388009
3.0,8.394868
4.0,9.508434
10.0,8.706854
14.0,8.917684
9.0,9.155965
5.0,9.439098
9.0,8.735665
0.0,8.2019
10.0,8.85922
9.0,8.655998
0.0,7.500299
15.0,8.802466
5.0,8.591523
3.0,8.420125
5.0,9.480259
15.0,9.338328
5.0,8.785696
9.0,9.762164
8.0,10.20249
7.0,9.48248
3.0,8.1532
6.0,9.291186
8.0,8.834274
4.0,8.896211
5.0,8.256521
0.0,8.246907
6.0,8.056671
14.0,8.725159
6.0,8.762681
9.0,8.768668
3.0,7.783703
9.0,9.192673
12.0,8.409472
10.0,8.553093
9.0,9.028033
4.0,9.179599
7.0,8.35894
9.0,8.362039
5.0,8.545831
5.0,8.766046
5.0,8.866714
13.0,8.862631
3.0,8.294996
17.0,9.184362
13.0,8.887775
5.0,8.601326
3.0,8.665232
2.0,8.060339
9.0,7.398599
4.0,7.955766
8.0,8.672337
12.0,9.310678
0.0,6.747688
10.0,9.335893
5.0,9.347361
0.0,8.336661
4.0,9.112134
7.0,8.000574
9.0,8.756518
5.0,8.485412
1.0,8.129719
9.0,7.929969
5.0,8.603636
15.0,8.469588
3.0,8.321298
0.0,9.096053
5.0,8.8826
14.0,8.919371
4.0,7.279299
9.0,8.650327
11.0,8.489145
3.0,8.541685
4.0,8.317857
9.0,8.158225
15.0,9.258956
4.0,9.17376
9.0,8.946107
9.0,8.513138
3.0,8.763414
7.0,8.212618
12.0,9.043813
9.0,8.689981
2.0,7.148855
9.0,8.252634
11.0,8.762956
0.0,8.107349
6.0,9.062916
9.0,9.064006
0.0,8.336269
0.0,8.595671
9.0,7.813135
5.0,9.786969
7.0,9.299199
7.0,8.337623
2.0,9.029321
9.0,8.94426
0.0,8.68548
5.0,9.021777
10.0,8.815617
4.0,8.86178
4.0,8.581413
9.0,8.409137
9.0,8.898204
11.0,8.772586
10.0,8.655812
12.0,8.293678
16.0,9.602641
3.0,9.116376
7.0,7.522378
12.0,8.667603
4.0,9.287855
10.0,8.271642
2.0,9.089487
5.0,9.134508
9.0,8.493989
13.0,8.805663
5.0,8.302706
4.0,8.787684
0.0,7.820582
2.0,8.372931
8.0,8.855208
7.0,8.311233
9.0,8.637589
8.0,8.786901
12.0,9.491957
5.0,10.41713
12.0,8.904778
7.0,9.936442
5.0,7.74438
8.0,8.92886
5.0,7.371835
5.0,8.184622
4.0,7.663225
5.0,8.7505
9.0,8.591083
6.0,8.994091
9.0,9.052337
10.0,7.348883
5.0,8.911485
5.0,9.150109
5.0,7.608798
3.0,9.058036
15.0,9.027214
7.0,9.240282
2.0,9.036197
5.0,9.065392
12.0,8.971685
13.0,8.926248
17.0,9.124621
3.0,8.702163
9.0,8.61871
9.0,9.077343
3.0,8.479169
9.0,8.983403
0.0,7.461654
3.0,8.545267
14.0,8.019361
15.0,8.725527
15.0,8.591073
10.0,7.713206
8.0,8.18967
18.0,8.921325
4.0,8.164471
0.0,8.953197
5.0,7.518188
0.0,8.547837
3.0,8.271482
9.0,8.42107
15.0,8.806412
5.0,9.228601
9.0,8.500216
2.0,10.60655
15.0,8.75167
4.0,9.100583
11.0,9.214177
7.0,9.218307
9.0,8.132015
12.0,8.727983
3.0,9.116376
3.0,9.093282
9.0,8.678559
3.0,8.472149
3.0,7.706068
7.0,8.576754
9.0,9.036689
18.0,8.632607
5.0,9.256032
0.0,7.910285
0.0,8.816906
0.0,7.199931
12.0,9.21262
12.0,8.546232
8.0,8.92886
8.0,8.318214
5.0,9.070556
4.0,8.200767
9.0,8.34742
3.0,7.610435
0.0,7.761688
3.0,8.417996
9.0,8.773378
7.0,8.811541
11.0,8.980913
9.0,8.987707
8.0,7.713983
17.0,8.748972
8.0,8.091813
0.0,7.721344
7.0,8.525161
10.0,9.11685
9.0,8.727334
0.0,7.78375
12.0,9.219662
9.0,8.676814
5.0,8.667519
3.0,8.034165
3.0,8.730418
10.0,8.510872
3.0,8.447819
10.0,8.755294
14.0,8.919371
5.0,9.264503
15.0,8.459867
0.0,8.669296
7.0,9.936442
9.0,8.216208
15.0,9.20598
2.0,8.671467
10.0,8.020113
5.0,9.181454
5.0,8.951587
12.0,8.644958
11.0,8.674179
11.0,8.822072
8.0,8.444478
4.0,8.74735
9.0,8.273882
14.0,8.298514
3.0,8.479169
11.0,9.234723
12.0,8.546232
3.0,8.87655
3.0,8.87655
12.0,8.540819
9.0,8.615419
9.0,8.592957
0.0,8.502308
9.0,8.070367
4.0,9.112134
9.0,9.278664
5.0,9.247296
6.0,8.826324
9.0,8.769973
3.0,9.195153
8.0,8.920694
16.0,8.678058
6.0,8.859868
10.0,8.754167
3.0,9.997767
6.0,8.899238
9.0,8.624467
9.0,8.180853
14.0,8.298514
9.0,9.286311
0.0,7.722757
9.0,8.536808
9.0,9.157205
0.0,9.099456
5.0,8.81419
6.0,7.880509
9.0,7.919567
10.0,8.606003
9.0,9.112782
10.0,7.974349
9.0,8.577924
5.0,8.452638
15.0,8.975919
2.0,8.825359
1.0,8.017536
9.0,8.716707
12.0,9.254251
9.0,9.057641
9.0,8.867898
3.0,8.826463
2.0,9.122147
2.0,8.801645
4.0,8.586505
9.0,8.727195
9.0,8.719757
2.0,8.777796
3.0,8.859969
9.0,7.887609
7.0,8.463643
5.0,8.062551
10.0,8.749043
7.0,8.000574
0.0,7.969058
5.0,8.629636
3.0,7.932094
7.0,8.047496
5.0,8.87128
12.0,8.67694
4.0,7.482879
5.0,7.944911
5.0,8.835238
5.0,9.014763
16.0,9.054294
12.0,9.03011
6.0,7.825159
13.0,8.519076
15.0,9.265811
5.0,7.744008
5.0,8.557762
3.0,8.957762
7.0,9.240282
9.0,9.30566
5.0,8.601326
10.0,8.544057
2.0,8.521709
12.0,8.376682
5.0,9.309728
10.0,8.20527
4.0,8.721767
5.0,8.404507
9.0,7.852037
4.0,8.133064
7.0,8.231349
8.0,8.880358
2.0,8.909563
7.0,9.350851
4.0,8.696304
8.0,8.318214
7.0,9.271217
0.0,7.78375
3.0,8.632918
8.0,7.764338
5.0,8.924656
3.0,8.420125
9.0,8.508556
5.0,8.581977
13.0,8.512602
15.0,9.167955
0.0,7.187697
9.0,8.534686
0.0,7.646873
9.0,8.34155
0.0,8.780538
12.0,8.470616
6.0,8.209581
5.0,9.114202
4.0,8.067657
17.0,8.790429
5.0,9.41509
14.0,9.237051
12.0,8.047843
3.0,8.916218
10.0,8.745057
9.0,9.312064
5.0,8.870054
5.0,7.739434
2.0,8.881354
4.0,8.588855
17.0,8.858353
5.0,9.404982
9.0,8.676529
9.0,8.070367
2.0,8.34028
9.0,8.631153
12.0,8.796857
0.0,8.491236
0.0,8.504379
5.0,9.167991
4.0,8.771866
0.0,6.934501
14.0,8.955443
9.0,8.387408
3.0,9.158688
2.0,9.324412
9.0,8.647653
6.0,9.777172
12.0,7.941181
13.0,8.659472
1.0,8.174554
4.0,8.618096
3.0,8.926681
13.0,8.447398
5.0,7.199018
5.0,8.889868
9.0,9.050731
4.0,7.955766
0.0,8.491236
6.0,8.245594
12.0,8.903852
10.0,8.520534
11.0,9.214177
3.0,8.548167
17.0,8.448939
4.0,8.622959
15.0,10.58266
14.0,8.518349
6.0,8.715873
1.0,8.001571
5.0,8.464562
0.0,8.617653
7.0,8.316588
8.0,8.525968
2.0,8.563431
9.0,8.632517
12.0,9.485238
0.0,8.462328
5.0,9.023539
12.0,8.490075
11.0,8.55989
0.0,8.337219
7.0,8.708968
9.0,8.697455
5.0,8.678497
3.0,6.827951
5.0,8.135262
6.0,8.29106
2.0,8.050977
2.0,9.639969
4.0,9.287855
6.0,9.074581
3.0,9.241001
5.0,8.525341
14.0,8.917684
10.0,8.996858
10.0,7.984473
10.0,8.883628
2.0,8.340541
16.0,9.08955
12.0,9.101712
4.0,8.896211
0.0,8.780955
5.0,8.462741
12.0,8.420477
5.0,8.789894
2.0,7.481914
5.0,8.841309
5.0,8.297084
3.0,8.665232
12.0,9.183623
6.0,8.715873
8.0,8.448841
0.0,8.013111
11.0,8.960823
5.0,9.229778
9.0,8.874496
5.0,8.516671
8.0,8.826031
3.0,8.088013
2.0,6.386539
9.0,9.134988
16.0,8.930421
5.0,8.104824
9.0,8.487989
7.0,8.256809
7.0,8.276052
5.0,8.967212
12.0,8.920162
1.0,8.697186
2.0,8.340541
9.0,8.868976
2.0,8.077634
3.0,8.36804
8.0,9.413651
0.0,8.454318
2.0,8.315363
0.0,8.420755
3.0,9.474076
0.0,7.720537
4.0,8.859567
5.0,7.679096
4.0,7.600751
4.0,8.626555
7.0,8.521078
5.0,9.092626
5.0,9.066353
11.0,9.311457
14.0,8.855381
13.0,8.691054
6.0,8.835884
16.0,9.08955
10.0,8.203894
5.0,8.374048
4.0,8.355872
3.0,8.906698
2.0,8.543233
11.0,8.294907
2.0,7.959922
6.0,8.774717
15.0,8.567237
14.0,8.34881
15.0,8.259149
5.0,9.417146
7.0,10.54151
4.0,8.729682
8.0,9.254784
10.0,8.305055
0.0,8.116924
8.0,8.82395
15.0,9.181976
11.0,8.637369
5.0,7.954101
5.0,8.810036
3.0,8.347461
0.0,8.308585
5.0,8.373255
2.0,9.469973
6.0,8.657852
12.0,8.853432
5.0,8.821556
17.0,8.283169
9.0,8.831241
8.0,8.330764
12.0,9.221232
0.0,8.65253
3.0,9.339389
5.0,8.87572
3.0,8.582681
6.0,9.485838
15.0,10.23994
0.0,9.051881
5.0,8.290319
5.0,8.062551
12.0,9.211321
5.0,9.27677
12.0,8.391435
9.0,8.836352
4.0,8.82227
9.0,8.176546
2.0,8.115138
2.0,8.343121
13.0,8.666125
16.0,8.861069
11.0,9.23919
12.0,9.094468
0.0,8.732627
7.0,9.043741
5.0,8.074183
17.0,8.618358
9.0,9.418548
4.0,8.60662
9.0,8.308773
7.0,9.240282
5.0,8.095689
3.0,9.1192
5.0,8.34174
12.0,9.76683
5.0,9.212708
9.0,8.434234
5.0,8.532139
5.0,8.736213
9.0,8.727334
9.0,8.77896
9.0,8.668022
14.0,9.238008
13.0,9.004086
3.0,8.509538
0.0,8.135188
4.0,8.867774
14.0,8.978446
6.0,9.130001
4.0,8.896211
5.0,8.870054
16.0,9.192149
15.0,8.682488
9.0,8.46713
1.0,6.944365
6.0,8.148054
2.0,8.511609
17.0,8.283169
5.0,9.435699
9.0,9.033179
7.0,8.570833
3.0,8.38247
0.0,7.291528
9.0,8.660272
0.0,8.350229
5.0,8.491621
12.0,9.503819
5.0,9.113739
11.0,8.948215
9.0,8.677645
1.0,7.869368
8.0,9.34045
17.0,9.072157
12.0,8.756847
3.0,8.582877
5.0,7.929487
5.0,8.27859
9.0,8.280824
15.0,8.712274
10.0,8.863325
7.0,8.681678
9.0,8.525098
6.0,8.774717
10.0,8.280992
9.0,9.703322
5.0,8.997281
10.0,8.494339
5.0,7.944911
6.0,9.106673
10.0,8.772688
8.0,9.025393
5.0,8.834098
9.0,8.775642
9.0,7.288785
15.0,9.296555
14.0,8.549448
5.0,8.676109
3.0,8.661389
13.0,7.026117
8.0,8.583312
10.0,9.115824
16.0,8.763792
11.0,8.259355
9.0,9.286311
4.0,8.839701
0.0,8.366251
0.0,8.407292
12.0,9.062216
5.0,9.903663
5.0,8.338343
0.0,8.776852
9.0,7.672069
13.0,8.630682
5.0,9.347361
12.0,8.915886
7.0,8.464313
3.0,8.469674
15.0,9.061984
9.0,8.43586
5.0,8.640409
16.0,9.850175
3.0,6.989281
5.0,9.325816
1.0,8.154087
5.0,8.405193
5.0,8.894206
8.0,7.982589
2.0,7.057872
2.0,9.453658
3.0,8.611539
7.0,9.299199
10.0,9.250305
9.0,8.764168
10.0,7.8445
10.0,8.701382
10.0,9.115824
5.0,8.379082
3.0,8.846708
10.0,8.904247
10.0,9.047113
6.0,8.453314
9.0,10.2355
16.0,8.751708
0.0,9.050208
9.0,8.881804
3.0,8.795993
12.0,8.315643
10.0,9.124471
0.0,9.24122
16.0,9.275632
3.0,8.164238
2.0,9.692249
5.0,9.309728
9.0,9.04445
0.0,8.212363
12.0,8.973536
2.0,8.865205
0.0,8.075236
16.0,8.789343
5.0,9.124609
3.0,7.241915
4.0,8.371197
3.0,8.118467
5.0,8.819475
9.0,8.609673
9.0,8.196763
15.0,8.689667
15.0,9.275736
12.0,8.277753
3.0,8.649486
12.0,8.971577
6.0,7.965958
5.0,7.249567
2.0,8.001786
0.0,8.08472
12.0,8.79944
10.0,8.45015
7.0,8.298872
9.0,9.057641
9.0,8.140712
5.0,8.326352
13.0,8.339138
0.0,8.527847
0.0,8.87911
5.0,8.937321
7.0,9.416528
8.0,10.14808
5.0,8.782305
10.0,9.103293
8.0,9.91772
2.0,9.144711
5.0,8.244841
9.0,8.730503
0.0,6.833139
5.0,8.789894
3.0,8.418406
11.0,8.55127
15.0,9.648688
3.0,7.847914
9.0,8.770733
5.0,8.603697
8.0,9.254784
4.0,8.392813
9.0,8.938197
4.0,7.943753
10.0,8.766788
0.0,7.822098
5.0,8.785696
0.0,8.838472
0.0,8.940136
5.0,8.457345
12.0,9.485238
9.0,8.479437
3.0,7.605371
4.0,8.581413
0.0,8.130397
2.0,9.180521
12.0,9.687456
4.0,8.504754
0.0,7.706593
0.0,8.062361
2.0,9.899161
3.0,8.079955
10.0,9.279823
0.0,9.17947
9.0,8.487989
6.0,8.768619
9.0,8.832191
12.0,9.58703
10.0,10.1513
7.0,8.311233
5.0,9.472077
17.0,9.184362
9.0,8.838147
8.0,9.025281
0.0,8.649518
5.0,7.926534
5.0,8.457345
3.0,8.633429
0.0,7.974201
10.0,8.760427
5.0,8.067928
5.0,8.227569
1.0,8.893935
5.0,8.23436
14.0,8.972888
5.0,9.909822
3.0,9.09145
11.0,8.791032
7.0,8.41573
0.0,9.382643
4.0,8.81967
4.0,8.653699
7.0,9.350851
5.0,9.113739
15.0,8.463884
12.0,10.16471
12.0,9.164909
7.0,8.633978
2.0,9.08769
4.0,8.81967
9.0,8.535141
3.0,9.120831
9.0,9.404722
12.0,9.224422
2.0,8.774755
5.0,8.142794
9.0,8.176546
9.0,8.137032
15.0,9.275736
14.0,8.501446
10.0,9.263484
9.0,8.907808
9.0,8.140293
14.0,8.785074
6.0,8.890756
8.0,8.842848
10.0,8.35642
9.0,8.273882
10.0,10.33464
2.0,7.561594
8.0,8.150832
3.0,8.512722
4.0,8.455167
11.0,8.870509
9.0,8.180268
0.0,8.491236
15.0,8.304027
1.0,8.474556
4.0,9.859741
5.0,9.256818
10.0,8.815617
9.0,8.548301
5.0,8.977983
9.0,8.470205
15.0,8.449453
4.0,8.928823
0.0,8.765918
10.0,8.614821
8.0,9.165364
0.0,8.953197
14.0,8.855381
9.0,8.439162
17.0,8.618358
0.0,8.663201
6.0,8.769462
16.0,8.462679
11.0,8.535499
5.0,9.237595
9.0,8.137032
11.0,8.55127
15.0,8.384446
3.0,8.32602
10.0,9.256966
13.0,8.786187
10.0,8.149058
7.0,8.296932
5.0,9.051583
9.0,8.085058
9.0,8.619852
1.0,8.722127
5.0,8.587649
12.0,8.695195
5.0,8.357846
4.0,8.86178
10.0,8.819593
4.0,9.179061
12.0,8.913159
0.0,7.025162
0.0,7.31008
0.0,8.234473
5.0,8.826588
5.0,8.72194
9.0,8.467967
4.0,8.209782
9.0,8.930817
5.0,8.264715
5.0,8.073246
5.0,8.780836
5.0,8.421338
10.0,9.275004
7.0,9.456935
3.0,8.926053
12.0,8.774981
4.0,8.271887
5.0,8.857046
7.0,8.084311
12.0,8.83946
3.0,9.282641
9.0,7.852037
9.0,8.378874
17.0,8.737758
14.0,9.237051
0.0,7.689365
7.0,8.59644
9.0,8.971343
19.0,9.086298
10.0,8.845024
1.0,8.064047
11.0,9.45487
5.0,8.836218
12.0,9.464867
9.0,8.567944
3.0,7.076287
17.0,9.643557
3.0,9.629361
6.0,8.848903
11.0,8.558869
12.0,8.534408
5.0,8.814947
9.0,8.620132
17.0,7.84049
10.0,8.806965
3.0,9.187642
8.0,7.80539
12.0,8.236783
16.0,8.822638
4.0,8.831231
4.0,9.685003
15.0,10.26082
3.0,8.586617
5.0,9.267027
9.0,8.54539
7.0,9.301644
4.0,7.279299
3.0,8.549461
13.0,8.459824
5.0,8.013423
3.0,9.02976
14.0,8.410688
16.0,8.757947
10.0,8.780256
3.0,8.2661
5.0,8.033298
5.0,9.195271
10.0,9.419796
12.0,8.255824
4.0,8.535942
5.0,8.375621
4.0,8.637758
8.0,8.403482
9.0,8.807901
2.0,8.344939
4.0,9.322989
3.0,8.802912
5.0,8.682068
6.0,9.406813
9.0,8.510459
2.0,9.530989
14.0,8.739647
10.0,8.599635
10.0,8.838203
12.0,9.003287
8.0,7.764338
6.0,9.022031
5.0,8.708065
5.0,7.608798
10.0,9.199887
9.0,8.757393
0.0,8.547837
5.0,8.314456
8.0,10.20109
3.0,8.193181
10.0,8.606003
2.0,7.734045
8.0,8.363977
9.0,8.208894
1.0,9.59289
6.0,8.978435
5.0,8.962196
9.0,9.240925
4.0,8.80093
9.0,8.522642
3.0,8.116505
16.0,8.757228
5.0,8.821139
9.0,8.369925
10.0,8.76032
2.0,8.360483
4.0,8.551122
5.0,9.050258
13.0,9.00953
10.0,8.838203
5.0,9.903663
12.0,8.712259
8.0,7.849051
2.0,8.85386
13.0,8.47783
9.0,9.052337
2.0,8.909563
9.0,8.578413
6.0,8.245594
5.0,8.542583
17.0,9.413346
4.0,7.621766
3.0,8.853419
4.0,8.899201
4.0,8.018431
15.0,8.684061
3.0,7.271909
7.0,8.616669
4.0,9.218522
5.0,8.357039
9.0,9.118156
15.0,8.849353
8.0,8.95761
15.0,8.938699
5.0,8.39174
16.0,8.849962
9.0,8.878327
7.0,8.963195
3.0,8.730482
9.0,8.70164
0.0,8.107349
5.0,9.748331
11.0,9.586557
15.0,8.283385
4.0,9.237743
9.0,9.452258
9.0,8.984789
4.0,9.171194
3.0,8.817598
2.0,9.738551
9.0,8.462972
1.0,8.324099
12.0,9.03011
6.0,9.047997
5.0,9.050258
5.0,7.804067
12.0,9.219662
9.0,8.439162
0.0,7.025162
11.0,9.270278
9.0,8.714655
9.0,8.98008
9.0,8.918889
14.0,8.444221
7.0,7.691447
1.0,8.722956
9.0,8.647866
15.0,9.53746
9.0,7.823356
9.0,8.567944
9.0,8.421751
12.0,8.744959
15.0,8.287715
9.0,9.762164
7.0,8.066096
5.0,8.766085
3.0,8.342264
5.0,8.306931
3.0,7.338429
10.0,8.305055
4.0,8.433988
5.0,9.449187
6.0,9.276206
4.0,9.292645
9.0,8.354237
12.0,8.711612
9.0,8.593506
0.0,7.761688
6.0,8.462954
13.0,9.171491
6.0,8.887754
6.0,8.935494
9.0,8.445578
0.0,8.195746
15.0,7.528332
2.0,9.212465
0.0,7.500299
9.0,8.559842
2.0,8.948881
9.0,9.511956
12.0,9.022593
3.0,8.394868
0.0,9.147572
5.0,7.739434
5.0,9.113739
9.0,9.290907
15.0,8.598701
10.0,9.259522
2.0,7.868384
4.0,9.171194
4.0,8.291191
13.0,8.601705
6.0,8.762681
8.0,9.254784
9.0,8.409741
3.0,8.436733
13.0,9.369264
4.0,9.268321
2.0,7.291923
4.0,8.419041
9.0,8.534835
16.0,9.08955
5.0,7.745935
0.0,9.099456
8.0,8.331297
3.0,8.394868
9.0,7.705751
2.0,8.367122
7.0,8.715957
4.0,8.756945
2.0,8.36246
5.0,7.901789
9.0,8.731304
3.0,9.356301
5.0,8.275581
9.0,8.276014
9.0,8.168611
11.0,8.383859
3.0,8.411733
5.0,8.427669
5.0,6.489496
12.0,9.382233
8.0,8.640676
14.0,8.795063
5.0,8.414134
9.0,8.34679
3.0,7.241915
4.0,8.700779
4.0,9.397281
5.0,9.509632
9.0,8.930817
5.0,8.181808
9.0,8.668022
9.0,8.172438
4.0,8.146539
0.0,6.975817
11.0,8.182727
10.0,7.990316
5.0,8.899907
11.0,8.670071
10.0,8.76032
6.0,8.630907
5.0,8.680351
17.0,9.735068
5.0,8.210342
10.0,8.416198
3.0,7.428144
5.0,8.462741
8.0,8.224338
3.0,7.847914
3.0,7.037391
9.0,9.192437
5.0,6.634787
11.0,7.950725
9.0,8.879976
9.0,7.842148
5.0,8.457345
10.0,8.520534
10.0,8.435539
9.0,8.577924
2.0,8.231245
9.0,8.481481
15.0,8.743289
9.0,8.313882
2.0,9.180521
5.0,8.79247
1.0,7.294113
9.0,9.021313
3.0,8.616834
5.0,8.869993
5.0,8.762053
3.0,8.003162
4.0,8.807948
5.0,8.706021
6.0,8.522984
5.0,8.867599
12.0,8.787501
9.0,8.216208
10.0,8.724925
2.0,7.89119
6.0,8.146498
9.0,8.194147
0.0,8.811331
5.0,8.558522
9.0,8.293404
5.0,8.039186
4.0,8.800244
17.0,9.643557
9.0,9.220539
14.0,9.061514
5.0,8.633625
8.0,7.729644
0.0,8.779209
1.0,7.712967
9.0,7.807015
16.0,9.854361
9.0,8.915991
9.0,8.337508
5.0,8.914637
11.0,8.735018
8.0,8.752542
3.0,7.716735
15.0,9.512629
15.0,9.731319
14.0,8.712768
3.0,8.897142
4.0,8.366125
9.0,8.449895
13.0,9.658933
5.0,9.029737
3.0,9.093282
8.0,8.55402
10.0,8.926331
9.0,8.362898
12.0,8.941538
1.0,8.240369
9.0,9.073847
7.0,8.684507
16.0,9.323297
5.0,8.910192
7.0,9.299199
13.0,8.191577
9.0,8.248823
9.0,8.579292
5.0,8.838554
5.0,8.922558
4.0,8.237574
7.0,8.515871
10.0,8.512363
10.0,9.141659
11.0,8.938915
12.0,8.920069
13.0,8.926248
5.0,8.375621
5.0,9.098744
12.0,8.852322
9.0,8.37708
6.0,9.119485
10.0,8.020113
9.0,8.245879
5.0,7.742294
0.0,9.173462
3.0,7.809719
5.0,8.2156
5.0,8.761188
2.0,7.838202
4.0,8.165639
7.0,8.723184
0.0,7.646873
13.0,8.764905
9.0,9.056929
3.0,8.85806
8.0,8.677302
5.0,9.091271
15.0,8.468682
7.0,7.418386
2.0,8.219618
6.0,8.317865
0.0,8.234473
9.0,8.904477
18.0,9.371934
14.0,8.453182
10.0,7.8445
14.0,9.178254
15.0,8.980488
9.0,8.85197
0.0,8.564552
2.0,9.069571
5.0,8.150491
4.0,9.000935
2.0,8.471354
15.0,9.265701
11.0,8.085794
15.0,8.980488
5.0,7.789162
13.0,8.996262
9.0,8.456893
1.0,8.838799
9.0,9.30566
8.0,8.906183
0.0,8.933871
7.0,9.158222
5.0,9.228601
8.0,8.541856
7.0,8.926487
1.0,8.62718
15.0,8.795861
12.0,8.568189
10.0,8.625094
11.0,8.542642
0.0,8.249589
6.0,9.085778
9.0,8.487705
2.0,9.606713
3.0,9.10301
12.0,8.875734
14.0,8.940553
4.0,8.700883
4.0,8.553337
15.0,8.904372
9.0,9.66261
0.0,8.634237
8.0,9.413651
9.0,9.698468
12.0,8.71826
9.0,9.157589
9.0,7.807015
9.0,8.40506
2.0,9.639969
4.0,8.444084
9.0,8.140293
5.0,9.247296
17.0,9.037845
9.0,8.266354
8.0,8.10902
2.0,9.094187
5.0,8.729538
3.0,8.343393
5.0,8.172478
11.0,8.222385
5.0,8.35318
4.0,8.877752
3.0,9.261811
4.0,8.110826
9.0,8.74453
8.0,9.70902
9.0,8.589777
0.0,7.500299
3.0,8.672756
9.0,8.723044
0.0,8.780955
9.0,8.591526
15.0,8.597013
14.0,9.500616
2.0,9.324412
9.0,7.98331
6.0,8.8597
15.0,8.772498
11.0,9.311457
9.0,8.975258
8.0,9.025393
13.0,9.1652
13.0,8.367519
5.0,9.098627
10.0,8.935359
3.0,8.6007
2.0,7.148855
9.0,9.654368
9.0,8.364028
9.0,9.10883
9.0,8.394127
2.0,7.929036
2.0,8.726043
15.0,8.684061
5.0,8.453475
12.0,9.129586
3.0,8.147625
5.0,8.815301
9.0,8.049195
6.0,8.462954
3.0,8.372265
12.0,9.632895
9.0,9.159613
10.0,8.564307
7.0,8.575822
12.0,8.37279
15.0,9.281065
3.0,8.780613
3.0,7.617698
9.0,8.753933
0.0,7.761688
5.0,7.901789
12.0,9.343395
4.0,8.499932
7.0,8.515871
3.0,8.079955
4.0,7.280355
15.0,9.139051
11.0,8.718115
3.0,8.378554
4.0,8.637758
5.0,8.451543
10.0,8.654424
5.0,8.567686
10.0,8.614117
10.0,8.639229
4.0,8.695221
0.0,7.09062
5.0,8.619267
12.0,8.828361
5.0,9.158872
5.0,8.819027
8.0,8.611316
3.0,9.619531
9.0,9.217772
5.0,8.915448
15.0,8.683311
10.0,8.568749
10.0,8.280992
3.0,9.230532
12.0,9.221915
11.0,9.127177
9.0,6.376028
8.0,8.834274
9.0,8.306762
9.0,8.355984
4.0,8.939889
15.0,9.289557
0.0,8.420254
13.0,8.526718
12.0,8.915886
5.0,9.347361
12.0,8.614264
4.0,8.119687
5.0,8.506498
5.0,8.557762
1.0,8.722127
6.0,8.646986
0.0,7.75817
5.0,9.480259
7.0,8.618114
5.0,8.464562
9.0,7.622396
15.0,8.814205
0.0,8.263912
11.0,8.960823
3.0,9.220563
5.0,9.259223
9.0,9.237899
12.0,8.278945
5.0,8.15797
4.0,8.641912
7.0,8.991685
11.0,9.586557
0.0,9.232214
13.0,7.956005
5.0,8.464549
9.0,8.854957
10.0,8.35642
11.0,8.302929
9.0,8.738179
15.0,8.452077
0.0,7.977588
12.0,8.377984
8.0,8.267794
4.0,7.515775
3.0,9.197044
2.0,8.757645
12.0,8.67694
0.0,8.533504
13.0,9.361759
4.0,8.588855
10.0,8.128842
15.0,8.712274
9.0,8.362039
3.0,9.201815
14.0,8.996932
15.0,8.770773
10.0,9.277999
15.0,9.188758
1.0,8.098033
0.0,8.531657
4.0,9.112134
7.0,8.67789
4.0,8.630048
8.0,7.80539
0.0,8.446856
3.0,7.271909
7.0,8.715957
10.0,8.749043
0.0,8.479191
9.0,8.920079
5.0,8.509861
9.0,8.806984
14.0,8.953413
9.0,7.809312
10.0,9.199887
15.0,8.904372
5.0,7.249567
12.0,7.869282
0.0,10.10478
9.0,8.109813
6.0,9.013654
4.0,8.122997
5.0,8.899907
12.0,8.545344
5.0,9.472077
3.0,9.356301
9.0,9.104003
5.0,8.557389
15.0,9.116706
0.0,8.08812
13.0,8.361294
11.0,8.822624
10.0,8.77592
9.0,9.237899
15.0,8.931787
3.0,8.755568
9.0,8.565198
4.0,8.322774
9.0,8.510181
5.0,9.279556
5.0,8.389949
5.0,6.763063
12.0,9.429181
3.0,8.347461
9.0,8.367244
12.0,8.862264
10.0,9.259395
13.0,8.690917
0.0,8.446856
16.0,8.861069
11.0,8.087547
10.0,8.203894
9.0,9.04445
10.0,8.62608
9.0,8.430788
5.0,8.636887
9.0,8.898204
0.0,6.382104
10.0,9.029819
5.0,8.587047
7.0,9.350851
9.0,8.609144
3.0,8.457605
2.0,9.401646
9.0,8.945621
5.0,8.22725
8.0,8.86737
9.0,8.22199
13.0,8.790368
8.0,10.14808
9.0,8.323307
14.0,8.795063
5.75,9.248384
10.0,9.395452
12.0,9.052623
7.0,8.811541
15.0,10.00613
12.0,8.452099
6.0,7.911547
12.0,9.551833
9.0,8.882675
10.0,7.966103
8.0,8.444478
3.0,8.160171
3.0,8.697179
0.0,8.638829
0.0,8.283152
4.0,9.237743
5.0,8.17062
10.0,8.54854
5.0,8.74694
8.0,8.766213
9.0,8.885453
12.0,8.941538
0.0,8.102007
5.0,8.951284
10.0,8.053461
9.0,8.174893
2.0,8.911121
2.0,8.543233
16.0,8.822638
13.0,8.732538
3.0,9.01948
0.0,7.819172
5.0,8.518538
10.0,8.047249
3.0,8.903251
3.0,8.649486
5.0,8.241269
9.0,8.917982
5.0,8.339193
2.0,8.916903
15.0,9.53746
13.0,8.750149
11.0,8.862734
5.0,7.312741
15.0,8.772498
6.0,7.80651
11.0,9.001375
3.0,9.278607
7.0,9.237532
9.0,8.402695
6.0,9.010915
12.0,9.307522
2.0,8.477252
15.0,8.763238
9.0,8.387408
6.0,8.8597
5.0,9.451529
2.0,8.59387
3.0,7.808816
9.0,8.463048
5.0,9.070837
1.0,7.996696
9.0,9.016932
9.0,8.986321
5.0,7.757344
14.0,9.091911
16.0,8.567416
12.0,7.941181
10.0,8.110013
6.0,9.036546
14.0,8.098365
4.0,8.667982
17.0,9.469464
12.0,8.384229
10.0,8.341976
0.0,8.974699
12.0,9.052623
12.0,9.343073
0.0,8.202165
12.0,9.280932
0.0,8.491236
6.0,8.567114
17.0,9.469464
15.0,8.511075
8.0,8.691557
6.0,8.584049
17.0,9.288069
6.0,9.764872
16.0,8.757947
2.0,8.419922
12.0,9.035526
0.0,9.149426
12.0,9.881306
14.0,8.62361
9.0,8.823074
3.0,8.2661
12.0,8.81039
11.0,10.22909
10.0,8.881056
3.0,8.826463
3.0,9.278607
5.0,8.937321
9.0,9.348114
12.0,9.327989
9.0,8.140457
9.0,9.37353
4.0,8.66255
7.0,8.594458
14.0,9.004633
4.0,8.711536
9.0,8.735364
10.0,8.437662
1.0,7.669367
9.0,8.314444
9.0,9.222386
12.0,8.907179
3.0,7.812062
3.0,9.021245
0.0,8.527847
9.0,8.910054
6.0,8.630907
2.0,8.1276
4.0,8.797768
14.0,8.785074
6.0,8.05803
7.0,8.689195
4.0,9.340276
11.0,9.518895
5.0,8.821501
3.0,9.22431
4.0,8.018431
5.0,8.698046
10.0,8.647164
15.0,9.248031
2.0,7.790687
10.0,9.325377
0.0,9.467047
15.0,7.660853
15.0,8.36793
4.0,8.932451
9.0,8.578413
5.0,8.489914
5.0,8.255106
4.0,8.037672
6.0,8.790627
9.0,7.873501
2.0,9.232153
3.0,8.205724
9.0,8.23288
4.0,8.859567
5.0,8.481175
15.0,8.25084
2.0,8.230393
0.0,8.780538
3.0,8.218921
8.0,7.764338
0.0,8.198189
9.0,8.478564
5.0,9.429918
5.0,8.894206
5.0,8.673809
12.0,9.219662
9.0,8.559082
0.0,7.704405
10.0,9.267497
11.0,9.239144
12.0,9.224422
12.0,8.865597
5.0,8.849161
6.0,9.622777
4.0,9.094508
8.0,8.932523
3.0,8.545531
7.0,8.212618
6.0,8.591876
3.0,8.596991
0.0,8.667203
9.0,7.919567
3.0,7.706068
9.0,8.835285
10.0,9.138093
2.0,7.910829
7.0,9.289036
9.0,8.781693
3.0,9.666311
0.0,8.884298
5.0,8.969979
0.0,8.492033
2.0,8.521709
3.0,8.723109
3.0,8.894745
9.0,8.670774
4.0,8.504754
12.0,8.875734
6.0,9.622777
12.0,8.934016
5.0,8.859194
2.0,8.231245
13.0,9.148802
4.0,8.271887
3.0,9.053876
7.0,8.35894
14.0,8.193963
9.0,9.817229
10.0,8.818457
0.0,8.574466
0.0,8.274182
7.0,8.521078
9.0,7.722142
5.0,8.610792
13.0,9.066302
9.0,8.719757
14.0,9.193837
4.0,10.28439
16.0,9.854361
3.0,7.484778
5.0,9.310492
9.0,8.722752
9.0,8.904477
2.0,9.293209
6.0,8.486816
12.0,8.647986
14.0,8.820038
4.0,7.905813
13.0,8.565777
14.0,9.002656
5.0,9.150109
15.0,8.592771
4.0,7.267601
12.0,8.152017
11.0,8.848801
9.0,8.313882
7.0,9.158222
5.0,8.951587
9.0,8.426354
5.0,7.876706
5.0,8.587649
11.0,8.48721
2.0,8.219618
9.0,8.567812
5.0,8.327234
9.0,8.78048
12.0,8.79944
0.0,7.945837
5.0,9.480259
2.0,8.656549
9.0,8.784016
9.0,8.763402
8.0,8.420497
7.0,8.9281
9.0,8.595898
5.0,8.616004
2.0,8.920417
9.0,8.596025
3.0,8.719554
6.0,9.109159
9.0,9.052337
10.0,8.593424
8.0,8.634434
9.0,8.961356
5.0,8.562159
9.0,8.971343
15.0,8.540111
0.0,8.638829
11.0,8.199686
1.0,8.064047
9.0,7.967201
4.0,9.03266
0.0,8.780538
1.0,8.886375
18.0,8.632607
5.0,8.387004
12.0,9.003287
0.0,7.398612
4.0,7.356586
14.0,9.238008
10.0,8.203499
7.0,9.4191
8.0,8.459782
4.0,8.894181
12.0,8.528565
20.0,9.066874
9.0,8.306236
0.0,7.71903
9.0,9.220539
14.0,8.428865
11.0,8.565743
10.0,8.797595
5.0,8.17347
7.0,8.046681
10.0,8.053461
9.0,8.625678
9.0,8.770662
11.0,9.346383
14.0,8.62361
3.0,8.447819
16.0,9.069612
3.0,8.762823
1.0,8.311324
7.0,8.790778
4.0,8.716787
10.0,9.453511
5.0,8.563334
9.0,8.533762
9.0,9.30736
4.0,9.664073
11.0,8.822072
4.0,8.122997
15.0,8.879751
0.0,8.812833
2.0,7.561594
5.0,8.678497
9.0,8.779949
9.0,10.13682
3.0,8.729894
4.0,7.905813
15.0,8.774417
4.0,8.700883
10.0,8.440936
3.0,8.896971
9.0,8.710384
17.0,8.448939
6.0,9.047997
7.0,9.287854
9.0,8.810292
3.0,8.597152
4.0,7.515775
0.0,7.09062
5.0,8.227591
6.0,8.86141
8.0,9.446378
5.0,8.605953
12.0,8.476821
7.0,8.470265
8.0,8.420497
10.0,8.817317
2.0,7.34645
6.0,8.978435
9.0,8.258994
14.0,8.965988
7.0,9.043741
10.0,8.85922
8.0,8.889783
17.0,8.878949
5.0,8.534655
9.0,8.354237
9.0,8.847624
9.0,8.631153
9.0,8.434504
10.0,8.636866
16.0,8.816416
11.0,8.55984
6.0,8.682254
15.0,9.034469
9.0,8.837488
9.0,9.333144
14.0,8.346085
7.0,9.234742
0.0,7.187697
3.0,8.783489
2.0,8.873226
5.0,8.398113
5.0,8.708065
1.0,8.650131
9.0,8.506445
12.0,8.639446
9.0,8.63453
12.0,8.907179
10.0,8.685584
14.0,8.71478
6.0,8.706575
13.0,9.870637
3.0,7.969457
16.0,9.069612
10.0,8.486005
4.0,9.267222
4.0,7.786514
9.0,8.462583
8.0,7.948581
2.0,9.899161
0.0,8.617653
5.0,7.66923
3.0,8.908104
6.0,8.706601
7.0,8.262969
0.0,8.060777
11.0,9.037242
12.0,8.72321
17.0,9.449033
17.0,8.790429
9.0,8.51677
9.0,8.536172
3.0,8.957762
10.0,8.383245
2.0,7.71778
5.0,8.403887
12.0,9.043813
5.0,9.228601
5.0,8.715912
7.0,8.994596
5.0,7.249567
9.0,8.667632
5.0,8.911485
9.0,8.749896
11.0,8.55127
0.0,9.100039
0.0,8.473301
4.0,8.06748
9.0,8.675197
4.0,9.096128
2.0,8.388418
15.0,9.258956
0.0,8.922748
0.0,8.154773
14.0,8.785074
15.0,10.00613
8.0,8.714191
12.0,8.865597
4.0,8.630048
15.0,8.469588
9.0,9.076175
3.0,8.417996
6.0,8.878269
4.0,7.935531
11.0,8.717716
2.0,9.069821
9.0,8.430788
3.0,8.588199
16.0,8.930421
10.0,9.556024
13.0,9.331613
9.0,10.2355
6.0,8.141849
0.0,9.129211
11.0,8.499989
5.0,8.879543
10.0,9.117625
0.0,9.098898
16.0,8.757228
3.0,7.520783
9.0,8.138367
9.0,8.978299
0.0,8.492033
5.0,9.373254
10.0,8.80778
9.0,8.570605
15.0,10.46219
15.0,9.338328
5.0,7.983305
0.0,7.412416
0.0,7.970969
2.0,8.563431
10.0,8.817317
16.0,8.76192
3.0,8.427095
6.0,9.258007
3.0,8.95094
9.0,8.467738
4.0,9.202207
3.0,8.918268
8.0,8.950864
9.0,8.637718
0.0,8.413063
3.0,7.79987
10.0,8.44748
8.0,8.123526
12.0,8.694044
0.0,9.007137
13.0,9.361759
0.0,8.748078
7.0,8.212618
0.0,7.622935
12.0,8.611794
22.0,9.605066
2.0,8.678904
9.0,8.456893
9.0,8.528856
5.0,7.901789
4.0,8.920176
9.0,8.663489
10.0,8.523138
0.0,8.575817
0.0,8.185738
8.0,8.665121
15.0,8.931787
10.0,8.349706
19.0,9.542227
19.0,9.542227
16.0,8.763792
8.0,8.198253
0.0,8.775849
9.0,8.6446
5.0,8.360847
9.0,8.354299
4.0,7.910343
5.0,9.837714
3.0,8.730418
10.0,8.65513
0.0,9.658473
15.0,8.712274
0.0,8.107349
9.0,8.388009
15.0,8.648593
3.0,8.103417
2.0,8.679193
0.0,8.191147
5.0,7.032239
4.0,8.981249
7.0,9.480125
9.0,8.614893
8.0,9.594264
3.0,9.045118
9.0,8.879976
14.0,9.011553
8.0,8.497933
15.0,9.391641
18.0,8.686715
5.0,8.398113
5.0,8.818527
12.0,8.952662
10.0,8.818457
1.0,8.671998
9.0,9.762164
0.0,8.804294
3.0,8.449504
10.0,8.020113
0.0,7.819172
9.0,9.100904
1.0,7.709815
4.0,8.737072
12.0,8.842606
15.0,8.259149
13.0,8.596251
0.0,9.007137
15.0,8.949297
12.0,8.401239
9.0,8.904477
9.0,9.157589
0.0,8.808802
3.0,8.328157
6.0,8.209581
15.0,8.463884
0.0,7.802948
9.0,9.230722
2.0,8.543233
15.0,8.932515
6.0,8.894413
4.0,8.696304
5.0,8.327234
13.0,9.658933
5.0,8.932442
3.0,7.606104
0.0,8.574466
8.0,8.150832
6.0,9.202149
8.0,8.509798
10.0,7.952826
9.0,8.785606
5.0,8.545831
5.0,8.044987
7.0,8.098678
12.0,8.827868
12.0,9.687456
15.0,8.683311
3.0,8.685817
0.0,8.413157
7.0,8.319184
2.0,9.167885
8.0,9.25703
12.0,9.003287
4.0,7.549919
5.0,9.347361
8.0,8.456765
11.0,9.17488
16.0,9.08955
7.0,8.575822
9.0,8.413825
9.0,8.642852
0.0,9.180493
13.0,8.684289
8.0,8.459782
13.0,8.587055
16.0,8.794945
2.0,8.48942
11.0,9.159907
0.0,8.569882
10.0,7.713206
2.0,8.340541
3.0,8.403991
4.0,9.266996
20.0,9.68515
0.0,8.429005
0.0,8.337561
7.0,7.931298
0.0,7.903939
7.0,9.635977
10.0,8.020113
0.0,8.564552
3.0,8.821352
9.0,8.223346
9.0,9.101054
13.0,8.383872
9.0,8.508401
8.0,8.370696
14.0,8.453182
9.0,9.206972
15.0,8.36793
0.0,7.285531
5.0,9.472077
2.0,8.41029
0.0,8.683692
5.0,8.861484
9.0,8.32186
8.0,8.330764
5.0,9.088241
0.0,9.078246
0.0,8.633583
15.0,9.112785
4.0,8.740304
8.0,8.579625
14.0,9.93432
11.0,8.890261
6.0,8.786645
9.0,8.66063
9.0,8.531342
7.0,8.464313
8.0,9.127194
15.0,8.910576
7.0,8.57162
13.0,7.614583
15.0,9.276576
10.0,8.815617
5.0,8.994154
0.0,8.891272
13.0,8.303621
13.0,8.41841
2.0,6.844146
2.0,7.616006
9.0,8.493989
14.0,8.309384
15.0,8.841363
4.0,8.951948
3.0,8.616834
4.0,8.980354
5.0,8.798595
9.0,7.643378
12.0,8.890216
8.0,8.593197
6.0,8.456374
11.0,8.528819
6.0,9.085778
10.0,8.600749
12.0,8.808056
6.0,9.622777
6.0,9.185629
12.0,8.088428
6.0,9.077758
9.0,8.508401
9.0,8.727195
0.0,8.383044
8.0,8.524522
9.0,9.411807
5.0,8.857046
6.0,8.372719
6.0,9.19105
8.0,7.948581
9.0,8.21965
3.0,9.474076
2.0,9.791906
5.0,9.446003
2.0,8.402528
2.0,8.375881
5.0,7.760998
5.0,8.105341
9.0,8.874496
4.0,9.739537
9.0,9.001226
4.0,9.044208
5.0,8.074183
9.0,8.591526
12.0,9.18624
4.0,8.151289
5.0,8.283457
3.0,8.545267
2.0,7.255766
10.0,8.756269
8.0,8.448841
15.0,8.463884
2.0,9.401646
6.0,8.894413
5.0,9.893044
9.0,9.036794
3.0,7.783195
3.0,8.980781
4.0,8.378022
9.0,8.528275
10.0,9.404359
10.0,9.206866
4.0,8.042275
12.0,8.396707
7.0,8.248346
9.0,8.770733
9.0,9.315619
3.0,8.897142
0.0,7.905361
9.0,8.485029
0.0,7.187697
10.0,8.495394
9.0,9.099625
5.0,7.954101
0.0,7.955797
10.0,8.816445
9.0,9.10373
9.0,7.854852
2.0,7.801786
18.0,7.897984
15.0,8.894022
0.0,9.467047
6.0,8.607826
3.0,8.264049
9.0,8.34237
7.0,8.760345
7.0,9.102714
0.0,8.527847
12.0,8.71826
10.0,7.984473
17.0,8.941635
3.0,8.897544
14.0,8.953413
15.0,8.883914
0.0,8.146118
12.0,8.168273
8.0,8.444478
0.0,8.923655
9.0,8.721223
9.0,9.191069
5.0,9.079483
5.0,7.904316
0.0,9.099895
9.0,8.258994
0.0,8.075236
10.0,9.525221
11.0,9.127177
9.0,9.104003
4.0,8.86178
9.0,8.49542
4.0,8.06748
15.0,9.18672
5.0,8.440872
5.0,6.634787
15.0,8.684061
0.0,7.831213
15.0,9.11313
5.0,8.857046
4.0,8.817912
0.0,7.45784
8.0,8.123526
5.0,9.078176
10.0,8.985038
3.0,7.746594
16.0,8.735824
10.0,8.797595
4.0,8.299827
9.0,8.864354
11.0,8.938915
4.0,8.872727
2.0,8.85386
12.0,9.485238
8.0,9.310942
2.0,8.860629
4.0,8.504754
0.0,8.054891
4.0,9.165789
9.0,9.124083
0.0,8.509171
0.0,8.2019
12.0,8.932019
6.0,9.777172
3.0,7.215096
4.0,9.179599
11.0,8.684545
6.0,8.971652
8.0,8.484766
4.0,8.053327
8.0,9.001881
0.0,6.524617
9.0,8.756939
6.0,8.220915
9.0,9.088763
14.0,8.074547
2.0,8.628614
16.0,8.785007
0.0,7.903939
15.0,9.024277
4.0,8.709346
2.0,8.388418
14.0,8.425852
5.0,8.853019
12.0,8.261518
0.0,7.675173
8.0,9.215639
5.0,8.534655
9.0,8.176546
6.0,7.880509
9.0,9.661238
4.0,8.448839
5.0,9.228601
2.0,8.454453
15.0,9.648688
3.0,8.554917
6.0,8.243845
3.0,9.880033
9.0,8.630808
7.0,8.430358
12.0,8.125708
3.0,8.580173
15.0,8.682488
9.0,8.843777
8.0,8.479995
5.0,8.803858
5.0,8.020244
0.0,8.036358
2.0,9.188131
2.0,8.70741
12.0,8.452099
12.0,8.563473
5.0,8.01907
12.0,8.774981
5.0,8.978238
3.0,8.598211
17.0,9.104403
8.0,9.215639
11.0,8.778914
17.0,8.878949
8.0,8.479995
9.0,8.555273
0.0,8.116924
3.0,8.995666
0.0,8.327188
9.0,9.511956
9.0,8.642852
7.0,8.337623
9.0,8.53756
5.0,8.953049
5.0,6.763063
8.0,8.525968
4.0,8.6085
8.0,8.456765
10.0,8.473008
9.0,8.590945
4.0,8.807948
7.0,8.806917
12.0,8.611794
5.0,7.815546
0.0,7.103265
9.0,8.572262
15.0,8.883914
3.0,9.010383
11.0,8.709702
8.0,8.834274
9.0,8.182659
5.0,8.489914
4.0,7.982457
5.0,8.684999
7.0,8.658479
15.0,8.814205
5.0,7.983305
12.0,8.62264
9.0,8.445578
5.0,8.270845
9.0,8.299404
9.0,8.280824
9.0,9.062489
17.0,8.782479
8.0,8.964041
0.0,9.203721
5.0,8.620391
10.0,7.718806
9.0,8.572262
10.0,8.935359
8.0,8.395649
8.0,8.198253
13.0,9.1652
3.0,8.347461
2.0,8.601877
15.0,7.47966
13.0,8.072503
7.0,8.204757
12.0,9.732168
0.0,8.413157
9.0,8.709277
8.0,7.719452
4.0,8.271887
12.0,8.945758
5.0,8.642591
3.0,8.1532
5.0,8.416875
2.0,8.315363
15.0,8.743346
15.0,9.24406
6.0,8.28915
4.0,8.791583
8.0,8.855208
14.0,10.22633
0.0,8.492033
5.0,8.146594
5.0,8.676448
5.0,8.327234
9.0,9.101054
0.0,8.735072
0.0,8.072991
5.0,8.372773
7.0,9.271217
5.0,8.762053
0.0,8.808331
6.0,8.8597
0.0,8.633348
9.0,8.79064
9.0,8.230733
0.0,8.08472
3.0,7.733211
16.0,10.09265
11.0,8.832518
5.0,9.224401
9.0,8.559082
2.0,8.757645
12.0,8.496731
10.0,8.661155
10.0,9.466802
9.0,7.971898
9.0,8.989552
13.0,9.084193
9.0,9.333144
9.0,8.368118
5.0,8.491621
7.0,8.642633
9.0,8.637589
9.0,7.842525
10.0,8.302302
9.0,8.837296
9.0,9.902415
14.0,9.774017
9.0,8.870327
12.0,8.900275
4.0,8.176455
0.0,7.871183
7.0,8.57162
5.0,8.078754
9.0,9.011866
0.0,8.483979
5.0,8.348256
4.0,9.260901
3.0,8.149868
5.0,9.094887
6.0,8.372719
0.0,8.667203
9.0,8.056808
11.0,8.767703
5.0,9.426237
3.0,8.859969
14.0,8.453182
14.0,8.855381
0.0,8.728217
9.0,8.302485
9.0,8.112284
9.0,8.85197
6.0,8.835884
4.0,7.280355
6.0,8.508124
10.0,9.335893
4.0,8.588855
9.0,8.864354
7.0,8.256809
9.0,8.807411
8.0,8.259566
2.0,7.304392
0.0,8.201361
5.0,9.595798
1.0,9.075487
2.0,9.088402
6.0,8.769462
10.0,9.081986
4.0,8.70872
10.0,8.889434
18.0,8.182568
5.0,8.244841
9.0,8.548301
4.0,8.399619
12.0,9.76683
21.0,9.90076
9.0,8.222203
9.0,9.173654
5.0,8.685268
9.0,8.65142
21.0,8.858182
9.0,8.637777
5.0,8.15042
9.0,9.217772
3.0,8.328157
9.0,8.211041
8.0,8.172203
9.0,8.707994
0.0,7.155334
12.0,8.496731
9.0,8.697055
4.0,8.371665
2.0,8.231245
9.0,8.55803
6.0,8.381721
3.0,8.564845
5.0,8.947016
9.0,8.859097
13.0,8.41841
12.0,9.230339
9.0,9.112782
2.0,8.869663
0.0,7.882408
3.0,9.589028
10.0,7.826437
3.0,7.037391
10.0,9.0907
7.0,8.20191
2.0,8.777796
9.0,8.698248
4.0,8.700779
9.0,8.104183
5.0,8.387004
5.0,7.917426
5.0,8.879543
12.0,7.869282
10.0,8.818457
14.0,8.643354
5.0,8.642262
9.0,8.773378
9.0,9.37353
10.0,9.101922
10.0,10.1513
3.0,8.766503
3.0,8.650435
2.0,8.601877
2.0,8.106267
3.0,8.079955
7.0,7.951932
0.0,8.337841
0.0,8.942531
8.0,8.714439
12.0,8.722983
5.0,9.837714
12.0,9.323173
4.0,9.260901
5.0,8.577972
9.0,8.955078
17.0,8.994473
12.0,8.740343
0.0,9.382643
2.0,8.626229
7.0,8.689195
2.0,9.530989
15.0,7.608563
10.0,7.709718
13.0,8.29485
17.0,9.04119
9.0,8.466864
0.0,8.735072
3.0,8.926681
0.0,8.779209
2.0,9.058706
0.0,7.515953
5.0,8.980359
13.0,8.666125
9.0,8.178486
9.0,8.686562
10.0,9.11685
12.0,8.888462
9.0,9.754695
11.0,9.156868
5.0,8.52994
11.0,8.108873
4.0,8.950769
12.0,8.750791
13.0,8.353366
12.0,9.551833
9.0,8.753951
4.0,9.015822
9.0,8.843616
9.0,7.833963
12.0,8.497655
14.0,9.094179
6.0,8.781475
6.0,8.412484
9.0,9.061231
2.0,9.391429
6.0,9.023865
12.0,8.533141
0.0,8.233489
10.0,9.140367
3.0,9.202432
20.0,9.906225
6.0,8.848903
7.0,9.147691
3.0,8.160606
9.0,8.70876
3.0,8.963545
9.0,8.456893
13.0,9.295817
14.0,9.335751
5.0,7.934422
13.0,9.396647
9.0,7.708646
15.0,9.30936
0.0,8.181824
8.0,8.330764
9.0,8.938197
6.0,9.13817
3.0,8.197611
0.0,7.821221
3.0,9.199469
9.0,8.624369
9.0,8.614893
10.0,9.357363
5.0,8.755328
16.0,9.133963
5.0,8.418246
7.0,8.586037
6.0,8.709835
9.0,8.94426
12.0,9.503819
3.0,8.403107
8.0,8.578951
6.0,8.971962
2.0,8.315363
0.0,8.569882
0.0,8.208918
9.0,8.328073
0.0,9.059164
0.0,8.642789
2.0,9.306017
9.0,8.266354
9.0,8.663207
9.0,10.39206
6.0,8.820829
9.0,8.250068
10.0,8.839492
9.0,8.070367
6.0,9.23665
3.0,9.1192
9.0,8.018676
7.0,8.000574
3.0,8.865883
15.0,8.567237
2.0,8.825359
2.0,8.662811
2.0,9.001134
15.0,8.327362
9.0,8.940319
9.0,8.625678
11.0,8.467333
9.0,8.476635
3.0,8.427095
9.0,8.419624
9.0,9.520394
15.0,9.228726
7.0,8.273504
12.0,8.828361
0.0,8.872373
9.0,8.412651
4.0,8.607292
5.0,8.562988
9.0,9.661238
5.0,6.634787
0.0,7.745088
10.0,8.437662
2.0,8.601877
2.0,8.530441
7.0,8.343959
9.0,8.647866
9.0,8.707994
9.0,8.547879
7.0,8.463643
12.0,8.934016
14.0,8.84894
4.0,9.041327
5.0,8.242452
9.0,8.838147
8.0,8.766213
9.0,8.763861
9.0,8.971343
5.0,8.373255
9.0,8.534686
8.0,8.324183
16.0,9.069612
5.0,8.867452
11.0,8.467333
12.0,9.33534
5.0,8.033298
13.0,8.447398
6.0,8.749466
10.0,9.275004
5.0,9.051583
15.0,8.75167
5.0,8.51474
9.0,8.568289
5.0,9.039929
9.0,8.709646
9.0,8.710384
10.0,8.593424
1.0,9.028255
4.0,8.433876
15.0,8.806412
9.0,8.669732
12.0,8.361676
9.0,8.663489
5.0,8.785696
5.0,8.918998
5.0,8.562988
5.0,8.366043
0.0,7.905361
0.0,8.701474
11.0,9.330988
3.0,8.611539
8.0,8.833737
5.0,8.776877
9.0,8.522642
7.0,8.616669
4.0,9.131483
3.0,8.554917
9.0,8.233462
6.0,8.941785
11.0,8.880475
13.0,8.731396
13.0,8.786187
12.0,9.035526
15.0,10.16725
5.0,8.516671
12.0,8.45944
10.0,9.081986
2.0,8.576565
3.0,8.461121
3.0,8.415079
9.0,7.506469
5.0,8.34174
2.0,8.726043
9.0,7.550703
0.0,8.473301
5.0,8.062685
12.0,8.41233
0.0,8.966056
6.0,8.038754
5.0,8.782139
12.0,8.401239
17.0,9.305274
5.0,7.75686
11.0,8.199686
4.0,8.731156
15.0,9.265701
14.0,9.736891
12.0,9.310678
0.0,8.233489
11.0,10.02872
16.0,9.848662
9.0,8.506445
6.0,8.780354
12.0,9.343395
10.0,8.960217
3.0,8.116505
3.0,8.95094
0.0,7.342525
6.0,8.709835
9.0,9.045079
12.0,9.013828
4.0,8.151289
3.0,8.896393
5.0,8.988596
5.0,8.150491
15.0,8.998233
8.0,7.729644
9.0,9.167383
9.0,8.94426
9.0,9.30736
9.0,9.099625
0.0,7.613258
12.0,8.989641
1.0,8.668957
6.0,9.185629
2.0,9.058706
7.0,9.467733
9.0,8.609488
13.0,8.677753
5.0,8.678497
5.0,8.562159
1.0,8.041195
9.0,8.784016
5.0,8.509861
0.0,7.945837
6.0,8.952569
4.0,8.136135
0.0,8.820774
0.0,8.710719
9.0,8.500216
12.0,8.900812
5.0,9.158872
5.0,8.2867
9.0,8.74453
12.0,9.382233
14.0,9.500616
3.0,8.685817
12.0,8.574348
6.0,9.062748
2.0,8.358041
3.0,8.704708
14.0,9.011553
5.0,8.947016
6.0,8.769462
3.0,9.684609
9.0,8.101012
3.0,9.130788
3.0,8.147625
4.0,8.314337
9.0,8.774991
2.0,9.089487
10.0,8.709487
12.0,9.241481
3.0,8.619749
6.0,8.730531
15.0,9.412437
3.0,8.718813
5.0,8.29873
3.0,8.697179
9.0,8.689981
9.0,8.753909
12.0,8.236783
4.0,8.784392
7.0,7.691447
0.0,8.703803
12.0,9.14177
5.0,8.872318
9.0,8.467738
4.0,8.949533
6.0,8.394765
4.0,8.143706
11.0,9.23919
10.0,8.800377
9.0,8.166582
5.0,8.563152
7.0,8.047496
12.0,8.83946
5.0,9.039929
12.0,9.003934
4.0,9.322989
4.0,8.556683
5.0,9.194436
1.0,9.059614
0.0,8.502407
3.0,8.665232
7.0,8.646331
9.0,8.571985
9.0,8.421419
10.0,8.30022
9.0,7.906514
9.0,8.362898
7.0,8.430358
12.0,8.391435
12.0,8.835132
14.0,7.261606
8.0,9.345752
0.0,7.316362
9.0,8.70164
8.0,8.318399
2.0,8.766591
0.0,7.31008
7.0,8.708968
7.0,8.806917
5.0,9.449187
3.0,8.118467
5.0,8.928102
5.0,8.490654
11.0,8.588461
5.0,8.671488
6.0,7.890659
10.0,8.708472
0.0,7.706593
15.0,7.528332
9.0,8.839101
9.0,8.709277
0.0,8.115925
5.0,8.970477
9.0,8.178486
0.0,8.648023
0.0,8.775849
12.0,8.661803
15.0,8.712274
11.0,9.45487
12.0,8.888462
9.0,8.534553
2.0,8.748614
12.0,9.380143
4.0,8.877752
9.0,8.651728
9.0,8.344235
8.0,9.001881
15.0,8.410576
6.0,8.630907
9.0,9.12464
9.0,8.843616
14.0,8.194098
7.0,8.313676
3.0,8.983125
1.0,8.017536
2.0,7.695163
16.0,9.244485
5.0,8.405823
0.0,8.811756
9.0,8.87278
2.0,8.570675
10.0,8.81824
5.0,8.698046
3.0,8.80353
11.0,8.783325
9.0,8.779949
12.0,8.327285
11.0,8.108873
5.0,8.766046
2.0,8.994747
0.0,8.166326
8.0,8.524522
0.0,8.652879
2.0,7.304392
10.0,8.446589
0.0,9.24122
0.0,8.237052
3.0,8.450607
12.0,8.539353
8.0,8.420497
8.0,8.42209
2.0,8.993423
3.0,8.95094
0.0,7.722757
12.0,8.618735
9.0,10.13682
0.0,7.622935
11.0,8.55984
4.0,8.588855
9.0,8.667006
9.0,9.112782
9.0,8.44291
4.0,8.955698
8.0,9.0027
9.0,8.243655
15.0,8.866537
11.0,9.007062
2.0,8.608061
3.0,8.93028
4.0,9.114956
9.0,8.773692
9.0,9.100904
0.0,8.181824
3.0,9.039519
3.0,9.206366
9.0,8.130582
10.0,9.525221
15.0,8.356806
11.0,8.890238
10.0,8.110013
10.0,8.452229
6.0,8.396686
8.0,8.889783
15.0,9.149383
7.0,8.535467
0.0,7.706593
0.0,7.257834
3.0,8.829613
13.0,8.666125
8.0,8.704593
5.0,8.542583
2.0,7.304392
5.0,8.603636
0.0,8.130397
9.0,8.456874
12.0,10.48678
5.0,8.911485
5.0,8.35318
13.0,7.026117
10.0,8.438054
6.0,8.730531
15.0,9.53746
12.0,8.712259
0.0,8.775849
9.0,8.753909
9.0,8.434882
10.0,8.654424
8.0,10.45015
5.0,8.044987
2.0,8.58552
5.0,8.618663
6.0,8.281235
9.0,9.167383
3.0,8.427095
3.0,8.545531
4.0,8.681559
13.0,8.2155
5.0,9.088526
4.0,7.356586
9.0,8.66063
